id,abstract
1,无尽 宇宙 之中 有 八道 鸿蒙 道 则 这 八道 道 则 每 一道 都 被 一个 无 上 强者 融合 没有 人 知道 宇宙 之中 还有 第九 道 道 则 这 一道道 则 破开 鸿蒙 无人 可触 
2,权力 首长 百度 云 下载 韩梓宇 做梦 也 没有 想到 凭 自己 这样 的 条件 竟然 能 娶 到 一个 倾国倾城 的 女神 做 老婆 他 更加 没有 想到 新婚之夜 酒醒 之后 睡 在 自己 边上 的 不是 自己 的 老婆 而是 老婆 的 姐姐 可是 意外 还 在 继续 他 更加 没有 料到 自己 会 踏上 官路 成为 省委 秘书 成为 二号 红 人 
3,蜀山 有 玄门 正宗 一家独大 主角 修炼 的 是 魔门 正宗 群号 紫云 宫 22117110 
4,红 唇吻 暖 了 心 百度 云 下载 主要 讲述 了 司夜 擎夏 晚凉 之间 的 故事 面对 生病 的 女儿  父亲 公司 的 债务 危机 夏晚 凉 束手无策  他 没想到 自己 深爱 的 男人 竟然 想要 他们 刚出生 的 女儿 去 死 而且 是 那样 的 狠心 不留余地 当 女儿 死 在 自己 面前 的 时候 夏晚 凉 的 心 彻底 死 了 
5,火爆 新书 无敌 仙 尊重 生 都市 降临到 了 一名 普通 的 高三 学生 身上 会修 真通 医道 能 隐身 游走 校园 玩转 都市 以 爆表 的 力量 横扫 一切 专治 各种 不服 我会 修真任 我 纵横 
6,若 是 可以 选择 周凡 永远 不想 降临 这个 恐怖 世界 因为 他 感觉 到 了 这个 世界 对 他 极大 的 恶意 心口 浮现 的 寿数 就 像 一个 计时 炸弹 在 滴滴答答 倒数 着 他 的 寿命 寿数 尽头 时 将 会 有 恐怖 存在 夺去 他 的 生命 作为 短命 种 必须 加入 死亡率 高 的 村 巡逻队 面对 着 层出不穷 的 怪谲 每天 挣扎 求存 白天 受到 暗处 的 极恶 极 贪婪 目光 窥视 夜晚 作梦 时 还 会 被 拉进 怪异 的 灰雾 空间 周凡 有时候 怀疑 自己 能 不能 活着 走出 这个 恐怖 至极 的 新手村 更 别说 踏上 修真之 路 增加 自己 的 寿命 了 诡秘莫测 的 游怨 挣扎 求存 的 人族 神秘 危险 的 辽阔 地域 欢迎 进入 恐怖 惊悚 的 修仙 世界 
7,最强 封神 火爆 免费 穿越 成为 即将 被妲己 做成 肉饼 的 姬考 激活 最强 召唤 系统 开始 了 另类 的 封神 历程 猴哥 今日 孤封 你 为 齐天大圣 杨戬 这 只哮 天神 犬 孤 赏赐 于 你 祸国殃民 苏妲己 冰清玉洁 陆雪琪 嫦娥 七仙女 大神 笔下 主角 史上 最强 战将 会聚 一堂 争锋 封神 沙场 论 天下 谁 是 英雄 成王败寇 裂土 封神 人妖 仙 三足鼎立 强中 之强 王中 之 王尽 在 封神 之 召唤 猛将 
8,凡人 修仙 风云 再起 时空 穿梭 轮回 逆转 金仙 太 乙 大罗 道祖 三千 大道 法则 至尊 凡人 修仙 传 仙界 篇 一个 韩立 叱咤 仙界 的 故事 一个 凡人 小子 修仙 的 不灭 传说 
9,举头 三尺 无 神明 掌心 三寸 是 人间 这是 耳根 继仙逆求 魔 我 欲 封 天一 念 永恒 后 创作 的 第五部 长篇小说 三寸 人间 
10,王雄 觉醒 前世 记忆 重掌 人间 权柄 携 千军万马 发大 杀机 重蹬 仙界 旧地 征伐 四方 仙神 斗转星移 天翻地覆 大家 可以 加 我 的 微信 公众 号 aiguanqi 微信 公众 号 上 有 观棋 的 所有 小说 有 大家 的 评论 区有 观棋 的 QQ 观棋 的 QQ 群有 兴趣 的 朋友 请加 微信 公众 号 
11,魏易 获得 神级 升级 系统 只要 经验值 一切 都 可以 升级 修为 可以 升级 武技 可以 升级 炼丹 可以 升级 炼器 可以 升级 血脉 可以 升级 武魂 可以 升级 什么 妹子 也 可以 升级 强 到 爆炸 的 升级 系统 一路 吊炸天 的 爽快 之旅 
12,天书 封神榜  地书 山海经  人书 生死簿 九天 之上 是 为 仙宫 
13,一门 被 视为 垃圾 的 功法 一个 被 同门 视作 废人 的 修炼 狂人 在 得到 一枚 阴阳 玉佩 之后 一切 将 彻底改变 \u3000 \u3000 十倍 修炼 速度 令古飞 一再 突破 武道 极限 千百年来 已 被 人 认定 的 铁律 被 古飞 一一 打破 \u3000 \u3000 奇迹 古飞 不 相信 奇迹 他 相信 的 只有 血 和 汗 在 这个 武道 已经 没落 真正 的 武道 奥义 已经 失传 的 腾龙 大陆 修炼 界且 看古飞 如何 以 武逆天 脚踏 道术 神通 拳打 妖魔鬼怪 怀抱 红颜 绝色 成就 不灭 武尊 \u3000 \u3000 梁三 的 书 群群 一 139735153 群二 274673223 空群 11269273 满 76376881 未满 梁三 完本 作品 都市 之古武 风流 
14,小白 同学 的 大符 篆师 之路 
15,五浊 恶世 地狱 已空 厉鬼 复苏 人间 如狱 这个 世界 鬼 出现 了 那么 神 又 在 哪里 求神 救世 可 世上 已无神 只有 鬼群 623363217 欢迎 加入 
18,出 了 点 小 意外 被 开除 的 侦察兵 王 无意间 得到 了 残缺 修真 传承 自己 本来 就是 种种 田炼 炼丹 追求 追求 什么 长生 啊 之类 的 可是 恶霸 美女 你们 来 干 啥子 我 的 丹药 可 没 多 的 
19,阳旭带 着 无限 升级 外挂 穿越 了 一刀 狂暴 秒 升 999 级 不再 是 极限 复活 麻痹 传送 神器 打怪 就 有 九阳 神功 六脉 神剑 道 心种 魔 神功 杀人 就 爆 神女 圣女 妖女 投怀送抱 天帝 天神 魔皇 争做 小弟 阳旭开 挂 的 人生 简直 是 爽歪歪 啊 
20,在 这个 世界 有 狐仙 河神 水怪 大 妖 也 有求 长生 的 修行者 修行者 们 开 法眼 可 看 妖魔鬼怪 炼 一口 飞剑 可 千里 杀敌 千里眼 顺风耳 更 可 探查 四方 秦府 二 公子 秦云 便是 一位 修行者 
21,未到 四十 她 便 百病 缠身 死 的 时候 儿子 正在 娶亲 锦朝 觉得 这 一生 再 无 眷恋 谁知 醒来 正当 年少 风华正茂 当年 我 痴心 不改 如今 我 冷 硬 如刀 本书 已 简体 出版 当当网 京东 亚马逊 均 可 订购 欢迎 订购 
22,阴差阳错 秦齐 与 游戏 系统 一起 穿越 异界 在 异界 人人 凝练 武魂 而 秦齐 的 武魂 竟然 是 游戏 里 十个 逆 天大 BOSS 在 异界 别人 修炼 千辛万苦 而 秦齐 却 只要 杀人 刷怪 拿 经验 在 异界 炼丹 师是 万中 无 一 的 大 天才 而 秦齐 只 需要 学习 一下 生活 职业 嗯 还有 锻造 师御 灵师 阵法 师 厨师 唉 好烦 干脆 都 学 了 吧 在 异界且 看 秦齐 一路 狂飙 遇神 杀 神遇 佛杀 佛脚 踩 诸天 圣子 坐拥 绝世 美人 
23,他 亦正亦邪 亦 仙 亦 魔 冷若冰霜 却 又 热情 似火 他 彬彬有礼 心狠手辣 一身 修为 独步天下 他 是 一个 充满 矛盾 的 人 他 桀骜不驯 我行我素 宁为玉碎 不为瓦全 在 他 眼中 没有 对 与 错 只有 强和弱 没有 正 与 邪 只有 生和灭 因为 他 知道 在 这个 世界 上 只有 胜者为王 只有 强者 为 尊 他 功参造化 仙魔 一 
24,亿万 身家 雄霸 一 省却 遭 一夜之间 灰飞烟灭 重生 高中 得 修仙 系统 从此 不留 遗憾 横扫天下 高富帅 惹 我 踩 社会 枭雄 惹 我 杀 富豪 惹 我 买买 买 传说 生物 愿意 当 宠物 还是 被 切片 为 寻 幕后 黑手 萧天歌 扫荡 全球 却 发现 真相 让 人 恐惧 
25,万年前 林焱 一日 称帝 镇压 妖族 大帝 却 被 兄弟 背叛 斩杀 夺走 帝基 更 背负 人族 叛徒 的 万年 骂名 万年 后林焱 重生 纵凡体 此 一世 也 将 踏平 万古 成就 亘古 大帝 
26,原名 夫人 们 的 香裙 当 主角 醒来 发现 变成 了 宋青书 还 发现 这是 一个 融合 金庸 十四 本 小说 的 大 乱世 姑娘 你 的 笑容 好 甜 夫人 你 的 裙子 好香 \u3000 一样 的 人物 却 构成 一个 不 一样 的 江湖 
27,终 有 一天 你 会 跨过 静谧 无声 的 洗 墨江 离开 群山 环抱 的 旧 桃源 来到 无边 阴霾 的 夜空 之下 你 会 目睹 无数 不可 攀爬 之山 相继 倾覆 不可逾越 之海 干涸 成田 你 要 记得 你 的 命运 悬在 刀尖 上 而 刀尖 须 得 永远 向前 愿 你 在 冷铁卷 刃 前 得以 窥见 天光 给 亲爱 的 太后 的 生日 贺文 太后 万寿无疆 感谢 w = 更新 频率 更新 时间 为 每天 中午 十一点 会 尽量 日 更 但 由于 没有 存稿 不 一定 保证 断 更会 打招呼 谢谢 诸位 第二十八章 开始 日 三 更 长评 送分 请 转载 的 诸位 尽快 撤文 了 感谢 支持 正版 
28,一 念成 沧海 一念化 桑田 一念 斩千魔 一念 诛 万仙 唯 我念 永恒 
29,自从 得知 背黑锅 能换 超级 神器 林浩 就 把 节操 丢进 了 风里 可 他 的 运气 却 变得 逆天 起来 冒充 偷 肚兜 的 小贼 反 受到 女神 青睐 冒充 成 杀人 凶手 反而 成 了 替天行道 的 侠客 冒充 成 天才 一不小心 真成了 万中 无 一 的 绝世 天才 积分 兑 宝物 换 神丹 随便 一把 武器 搅动 大陆 风云 美女 倒贴 小弟 臣服 只 因为 他 一次 又 一次 地 完成 黑锅 任务 碾压 人杰 狂虐 天骄 谁 敢 装 逼 一锅 撂倒 惊天 魔门 不朽 妖宗 通通 跪下 给 我 唱 征服 即便 我 从不 装逼 可 这装 逼 的 丰碑 上 却 一直 有着 我 的 传说 某天 林浩站 在 大陆 巅峰 手握 黑锅 寂寞 如雪 
30,他 要 她 死 的 时候 她 形容 不 出 心里 的 感觉 自然 是 恨 的 恨 一百七十年 结缡 双修 在 他 眼中 自己 不过 是 被 利用 彻底 的 炉 鼎 也 恨 自己 蠢 悟性 最高 的 女仙 偏 没有 悟出 情 与 爱 怨恨 愤怒 痛苦 后悔 伤心 绝望 情绪 太 多 直接 把 她 的 心 炸碎 了 她 挣扎 着 不 死 只 为 再世 成仙 与 他 一决 仙路 迢迢 她 孤独 的 行走 曾著 蔓蔓 青萝永夜 天上 有棵 爱情 树无弃 坑史 
31,神秘 村落 中 走出 的 神秘 少年 道 心 没有 道灵 不具 道体 不通 却 一心 求道 拜入 问道 宗 踏入 一条 与众不同 的 修道 之 路 
32,林渊想 吃软饭 盯上 了 首富 的 女儿 也 惹怒 了 首富 被 打断 腿 赶出 了 城 多年 后林渊 回来 了 发现 首富 的 女儿 已经 变成 了 首富 
33,我 是 雷霆 之主携 一方 残缺 雷印 转世 重生 于武学 昌盛 的 世界 禀持 不成 至尊 白活 一场 之 信念 奋力 追逐 拼命 向上 精彩 人生 
34,侠客 遍地 仙佛 漫天 妖魔 横行 一个 光怪陆离 的 世界 主角 带 着 宝箱 系统 问道 求 长生 一路上 到处 开 宝箱 的 故事 提示 获得 嫦娥 仙子 亵裤 一条 广寒宫 中 主角 抓 着 冰凉 丝滑 的 白色 蕾丝 小裤 裤 激动 的 泪流满面 我 真是 来 找 吴刚 砍 桂树 斧子 的 
35,曾经 他 是 东皇 现在 他 是 冥王 纵横天下 谁 能 阻挡 五年 未曾 踏入 华夏 此次 王者 回归 却 要 与 冷艳 总裁 领证 欲哭无泪 当 司机 泡 总裁 做 医生 哪个 有范 做 哪个 小姐 请 自重 哥 不是 这么 随便 的 人 美女 一个 人 喝酒 多 不好 去 我 那 咱们 聊个 十四个 亿 的 天 更新 说明 每天 保底 两 更 风雨无阻 守护 解封 等会加 更 百万 完结 人品 保证 
36,彻底 之爱 如同 热带 不断 膨胀 的 森林 永远 不能 停止 生长 
37,他 曾 是 国家 最强 利刃 一次 大战 身受 重伤 的 他 选择 退役 成为 一名 普通 大学生 从此 潜隐 花都 他身 怀古 武 绝学 暴打 权贵 恶徒 你 狂 他 比 你 更 狂 
38,火热 爽文 十年 河东 十年 河西 莫欺 少年 穷吊丝 男 好心 救人 得 修仙 手环 人生 开始 吊炸天 不服 的 放马过来 我会 让 你 知道 花儿 为什么 这么 红 已 完 本校 花 之 贴身 仙少 近身 毒医 新书 群 560325070 
39,出身 卑微 没有 背景 强敌 环伺 大道 难容 统统 没有 关系 看 少年 周方用 顽强 的 意志 过人 的 智慧 以及 永不 满足 的 野心 打破 天地 的 桎梏 运道 的 封锁 最终 成为 凌驾 九天 的 万古 道祖 
40,一剑 断 生死 送君 入 轮回 九转 逆 天路 尸山血海 铺 一代 强者 九转 重修 开启 逆天 之路 突破 枷锁 重临 巅峰 
41,问 苍茫大地 何处 容 我 人族 他 从未 想过 自己 来到 洪荒 神话 世界 更 不会 想到 人族 面对 太古 百族 如此 苟且 直到 他 看到 天空 中 的 十个 太阳 并且 对 着 太阳 射 了 一箭 那 一年 他 以为 握住 的 只是 一颗 种子 谁 知道 却是 整个 世界 ps 杨 三阳 穿越 了 并且 发现自己 手中 正持 着 一把 弓 天空 中 悬浮 着 十个 太阳 还有 一个 人持 着 大钟 怒火 冲霄 的 看着 自己 各位 瓜友 要 不要 射出去 在线 急 等 这 是 一个 人族 在 洪荒世界 中 苦苦 求生 的 故事 
42,此书 已 完本 新书 不朽 邪尊 热销 中请 大伙 们 支持 无敌 系统 经验 爆仓 集齐 图鉴 召唤 仙子 系统 在手 天下 有 我 敢 惹 他 那么 在 他 面前 将会 成为 野怪 稀有 怪 BOSSps 无敌 修真 爽文 无敌 流 系统 流 猥琐 流 应有尽有 
44,宁涛 原本 只是 一个 普通 医科大学 的 学生 偶然 情况 下 获得 了 烛龙 之眼 借此 竟然 有 了 透视 的 能力 从此 渊 鱼化龙 赌博 赌石 他 是 无冕之王 看病 看 美女 他 是 无愧 的 妙手回春 想 赚点 小钱 娶 个 媳妇 熟料 一个个 美女 接踵而来 简直 是 停不下来 宁涛 无奈 的 摆摆手 道 不能 啊 美女 们 我 只是 一个 学生 
46,重活 一世 我 一定 要坏 得 不 那么 明显 坏得 低调 一点儿 弃恶从善 想得美 呢 
47,锦萱 推荐 少昊 血脉 不 经 磨砺 无以 成才 偶得 机缘 法武双 修难 与 天争 难 与 地争 难 与 人争 难 这 是 一部 小人物 艰辛 奋斗 的 成长史 
48,新书 委决 难下 不知 开 哪 一本 好 还 请 诸位 读者 品评 一二 帮 我 做 个 选择 
49,太虚 创世 万界 归 一 在 这里 能 见到 神秘 的 九龙 拉 棺 横渡 虚空 能 与 一群 猴子 攻打 天庭 能 将 大日 如来 镇压 在 五指山 下能 对 申公豹 说 一句 道友 请留步 企鹅 群号 634532601 
50,我家 是 单亲家庭 我爸 有 一个 漂亮 性感 的 女秘书 我 觉得 她 想 做 我 后妈 所以 就 想方设法 破坏 他们 然而 我们 却 偷偷 好 上 了 终于 有 一天 我爸 当场 撞破 了 我们 秘密 ; lt ; p ; gt ; 
51,北魏 和 南朝梁 兴盛 却 正值 整个 世界 的 天地 灵气 都 在 逐渐 枯竭 正是 修行者 世界 典籍 里 记载 的 末 法灵竭 到来 林意 是 这个 时代 里 南朝梁 第一批 新生 的 修行者 
53,传闻 江湖 之中 流传 着 十大 名剑 得 其一 者 则 可 笑傲江湖 得 其十者 则 可得 天下 凡是 有名 剑 出世 便是 掀起 一片 腥风血雨 剑宗 之中 饱受 嘲讽 的 李奇锋 在 偶然 情况 之下 武道 修为 突破 更是 得到 了 十大 名剑 之 首渊虹 从此 剑道 修为 一日千里 自创 剑法 招式 斩 宿敌 破 困局 灭 敌寇 终 问鼎 剑道 巅峰 无敌于天下 书友 群 473919217 
54,刀 虽 无情 人 却 有情 这是 一个 刀客 纵横 江湖 的 故事 
55,人 为什么 要 活着 活着 就是 为了 见识 走 更 多 的 路 见识 更 多 的 精彩 死 了 也 不 遗憾 地球 来 的 小男生 丁浩带 着 他 的 初衷 走上 了 一条 成为 盖世 仙尊 的 通天 大道 
56,落魄 皇子 秦云得 九阳 传承 觉醒 惊世 武魂 习得 绝世 炼器 之术 从此 他 在 修武 大道 上 一路 潇洒风流 各种 武道 强者 为求 他 炼器 甘愿 充当 他 当 小弟 各色 神女 圣女 为求 他 炼器 都 愿意 委身 与 他 但 秦云 却 不 满意 天下 美女 十斗 他 就要 占十斗 
57,叶晨 是 武国 一名 平民 少年 无意间 得到 一副 仙府 古画 卷轴 从此 踏上 修仙 之路 这座 神奇 的 仙府 内有 一头 小青狐 一座 木屋 一亩 药圃 一座 炼丹 阁 一座 炼器 阁 沧海桑田 世间 万 变 不变 的 是 一颗 追求 仙道 之心 还有 冥冥中 注定 的 一线 姻缘 
58,他 武艺高强 使 彪悍 的 警花 为 之 倾倒 他 医术 绝代 让 妩媚 多情 的 女院长 投怀送抱 他 书画 无双 令娇 俏 柔弱 的 校花 朝思暮想 他 仙法 绝伦 被 妩媚 多情 的 女明星 狂热 倒 追当 他 的 双眼 开启 透视 功能 之后 他 总是 会 对 身边 的 美女 作出 友好 的 提醒 和 我 说话 前 请 先 穿 好 衣服 他 是 林成 飞 一个 获得 仙人 传承 的 普通 学生 
59,传说 开天辟地 前 五大 灵根 存于 其间 混沌 青莲 蟠桃 树 人参 果树 菩提树 和 轮回 葫芦 根亦有 传说 混沌 伴生 四大 灵根 轮回 葫芦 不存于 世 一根 未知 的 葫芦 根带 着 一个 来自 未来 世界 基因 领域 的 天才 穿越 成 了 封神 世界 的 商 纣王 尔 有 移山倒海 的 仙道 法术 朕 有 纵横捭阖 的 妙算神机 尔 有 诡异 莫测 的 仙家 法宝 朕 有 无坚不摧 的 科技 武器 尔 有 重开 地水 风火 的 法力 朕 有 毁 天灭 地 的 战略 导弹 尔汇 天地 灵气 成就 练气 士 朕 靠 基因 解码 打造 异能 兵尔 开山 立教 传授 成仙 妙术 朕 举国上下 齐学 三千 之 道尔 图谋 天下 窃取 天道 气运 朕 黄雀在后 独掌 乾坤 万物 任 
60,2017 火爆 热书 年轻人 当年 我 开始 装逼 的 时候 你们 还 只是 一滴 液体 仙子 随在 下 走 一趟 保证 带 你 装 逼 带 你 飞带 你 一起 嘿嘿嘿 身披 狂徒 铠甲 肩 扛 日炎 斗篷 左手 无尽 之刃 右手 诛仙 神剑 横扫 修仙 界 无敌手 就 问 一声 还有 谁 装 逼 如 风常伴 吾 身长 路 漫漫 装逼 相伴 徐缺 踏上 了 一条 装逼之路 每天 不是 在 装 逼 就是 在 去 装 逼 的 路上 书友 群 575088701 
61,一 觉醒 来林云竟 与 后母 同睡 一床 被 年长 6 岁 的 后母 压在 身下 相信 我 这 是 一本正经 的 玄幻 真的 很 正经 哦 万古 武帝官 方 读者群 474095605 
62,长生不死 这是 一切 智慧 生灵 最 本能 的 追求 在 地球 上 这种 最 本能 的 追求 如同 镜花水月 任何人 任凭 你 权势 惊天 富甲天下 百年之后 都 只是 一 撮 尘土 但 在 这个 全新 的 世界 当中 李浩 却是 用 他 瘦弱 的 双手 紧紧 的 抓住 了 命运 留给 他 的 那 一线 机会 一线 长生 永恒 的 机会 
63,萧动尘 重生 了 渡劫 失败 的 他 重 生成 了 一名 身家 百亿 的 富 二代 从此以后 各种 奇妙 的 遭遇 频繁 的 发生 在 他 身边 无限 打脸 无限 装逼 一切 尽 在 万界 至尊 欢迎 加群 148967160 粉丝 值 两千 以上 可进 588056805 普通 群 
64,她 是 大能 女修 却 在 渡劫 飞升 时遭 爱人 暗算 险些 魂飞魄散 一朝 重生 现代 校园 学渣 变学霸 纵横 商界 军界 修仙 界 苏默涵 混得 风生水 起 然而 男人 苏默涵 冷笑 这种 无情无义 的 生物 只配 做 她 的 炉鼎管 你 是 冰山 校草 霸道 总裁 英武 上将 还是 腹黑 总统 统统 都 是 她 的 炉 鼎 而 这些 男人 偏要 死心塌地 爱上 她 重生 校园 天下 男神 皆 炉鼎且 看 苏默涵 如何 玩转 现代 收割 各路 男神 
65,关于 永恒 圣王 天妒 之 才 谓之 天才 天才 中 龙凤 者 可封 妖孽 灵根 残缺 的 人族 少年 得 神秘 女子 传授 一部 无上 妖典 踏上 修行 之 路 自此 一代 妖孽 崛起 于天 荒令 仙 魔 颤抖 诸圣 俯首 我愿荡 尽 心中 不平 求个 念头 通达 快意 恩仇 
66,不 知道 怎么 写 简介 就 不 写 了 吧 EMMMM 还是 写 一点 吧 穿越 民国 年代 成为 僵尸 先生 九叔 的 大 弟子 
67,一代 仙尊 渡劫 失败 魂 穿 异世 却 没想到 凭空 多 出来 一个 粉雕 玉琢 的 萌娃 女儿 关键 是 萌娃 女儿 还有 个 貌若天仙 的 妈妈 于是乎 仙尊 摇身一变 化身 护娃 奶爸 和 宠 妻狂 魔奶 爸会 法术 谁 也 挡不住 所以 这 注定 是 一个 盖世 强者 纵横 都市 横行无忌 装逼 打脸 的 劲 爆爽 文同 站 已有 百万 字 完结 作品 人品 保证 放心 入坑 保底 两 更 雷打不动 解封 打赏 守护 加 更 榜上有名 次 月 爆 更新 书 启航 多多 支持 
68,吾 愿 为 妖 逍遥 天地 重生 了 朱 天篷 发现自己 重 生成 了 天 蓬元帅 看着 面前 摆放着 的 天河 水军 大元帅 大印 朱 天篷 表示 压力 山 大 为了 摆脱 变成 猪八戒 的 命运 朱 天篷 拿 着 一封 推荐信 前往 斜 月 三星 洞 至此 如来 的 掌中 佛国 没有 困住 孙悟空 怜悯 苍生 的 金蝉子 成 了 酒肉和尚 整个 西游 被 搅 得 天翻地覆 一件件 洪荒 秘史 被 逐渐 揭露 PS 铁杆 粉丝 群 438256650 入群 验证 粉丝 值 588 
69,她 是 驭 妖谷 最 厉害 的 驭 妖师 却 为 一只 鲛 人 谜 了 心 
70,媳妇 说 要 看 仙侠 不顾 苍生 不问 鬼神 不 沾 因果 闭目 遮耳 枯心 黄卷青灯 大雪 磅礴 八百年 只求 长生 乘青鸾 沙哑 旁白 人生 不过 长 百年 问君 能否 陪 我 大醉 三万 六千 场 换来 世 你 我 绕 床 弄 青梅 捧 心肝 本命 太岁 魑魅魍魉 琵琶 琴瑟 四方 小鬼 敬 我 八 
72,三年 前云 青岩 从 凡人 界 意外 坠入 仙界 三千年 后 他 成为 叱咤 仙界 的 云帝 破开 虚空 回到 凡人 界 的 云 青岩 发现 这里 的 时间 只过 了 三年 quot ; 曾经 我 没有 实力 守护 心爱 之 人 如今 我要 整个 世界 匍匐 在 我 脚下 quot ; 
73,一命 二运 三 风水 四积 阴德 五 读书 六名 七相八 敬神 九交 贵人 十 养生 十一 择业 与 择偶 十二 趋吉要 避凶 鬼节 出生 的 程逢 九胎 带奇 相 胎记 九 潜龙 出此 相 贵不可言 却 没 曾 想到 出生 之 时 因缘际会 之下 救百人 枉死 百 人 招致 一轮 之日 百鬼 抬棺 祖父 无奈 之下 替 其 还命 临死 之前 留下 一本 名为 天相 奇书 因此 而 展开 了 一段 神乎其神 的 相师 人生 朋友 我见 你 财帛 宫 浑圆 坚挺 财源滚滚 啊 妹子 你 印堂发黑 必有 凶兆 是否 需要 帮 你 趋吉避凶 游走 大千世界 看 世间 众生 之 相悟 天地 轮回 之道 以 岐黄 五行 诛 鬼 弑 妖 以 浩然正气 镇 天下 神魔 
74,一个 普通 山村 小子 偶然 下 进入 到 当地 江湖 小 门派 成 了 一名 记名 弟子 他 以 这样 身份 如何 在 门派 中 立足  如何 以 平庸 的 资质 进入 到 修仙 者 的 行列 从而 笑傲 三界 之中 续篇 凡人 修仙 之 仙界 篇 已经 在 起点 中文 网上 传 了 欢迎 大家 继续 支持 哦 凡人 修仙 风云 再起 时空 穿梭 轮回 逆转 金仙 太 乙 大罗 道祖 三千 大道 法则 至尊 凡人 修仙 传 仙界 篇 一个 韩立 叱咤 仙界 的 故事 一个 凡人 小子 修仙 的 不灭 传说 
75,转世 成为 皇朝 皇子 周 玄机 原以为 会 富贵 一生 没想到 遭遇 宫廷 恩怨 被迫 逃离 皇宫 让 他 惊喜 的 是 前世 发明 的 一款 金手指 程序 竟然 成真 了 两岁 获得 赤龙剑 蕴含 赤龙 之魂 三岁 获得 第二把 神剑 每长 一岁 多 一把 神剑 百年 后周 玄机 带 着 上百 把 神剑 纵横天下 万载 后周 玄机 震慑 诸天 万剑 凌空 以剑帝 之名 登上 神话 宝座 
76,春谨然 不 混 江湖 只是 偶尔 喜欢 随风潜入夜 与 江湖 美 男儿 们 秉烛夜谈 以 获得 精神 上 的 愉悦 直到 遇见 绝色 倾城 却 信奉 人心 本恶 的 裴宵衣 于是 尸体 来 了 命案 来 了 恩怨 来 了 阴谋 来 了 然后 自带 推理 技能 的 名 侦探 小春 子 就 非 自愿 地被 卷入 了 这场 席卷 武林 的 动荡 装逼 但是 总 失败 攻痴 但是 有 节操 受 努力 写 一个 读 起来 爽 的 正剧 希望 你们 喜欢 壮壮 の 江湖 写文 不易 谢绝 转载 支持 正版 真心 感谢 
77,乱世 之中 拥妖佛 魔儒 玄鬼道 七方 强者 各自 为 道 夺 天地 之 造化 称 乱世 之 霸主 谁 主沉浮 间 将 得 万世 永生 混沌 之秘 叶家 废材 少年 傲然 崛起 平定 四方 追求 极致 天道 终成 大统 邪神 一怒 天地 无极 乾坤 逆转 饶 你 冠绝 天下 也 难 抵 我 一击 之威 
78,我 是 一名 苦 逼 的 网络 写手 家境 一般 父亲 找 了 个 后妈 带来 了 一个 乖 妹妹 乖 妹妹 很 听话 但 我 一点 也 不 喜欢 她 我 要 想 办法 赶 她们 出去 谁知 后妈 是 个 心机 女郎 她 到 我家 藏 着 一个 天大 的 阴谋 且 看 我 如何 游刃 于 后妈 与 乖 妹妹 之间 
79,; quot ; 她 母亲 不疼 父亲 厌弃 堂堂 嫡女 沦落 到 与 狗 争食 的 地步 忍无可忍 无需 再忍 她 奋起 反抗 势要 当 一代 权妃 奈何 人家 站 在 伟人 的 肩膀 上 看 世界 她 抱 的 这棵 大树 却是 个 太监 好 吧 站 在 这位 权倾 朝野 貌 比 天仙 心比 蛇蝎 的 九千岁 肩膀 上 也 不错 佞臣 权妃 还有 比 这 更 绝配 的 祸国殃民 组合 吗 只是 这年头 假货 泛滥 居然 连 太监 也 有 假货 等 她 发现 这位 爷 根本 是 个 冒牌 太监 时 一切 都 已 来不及 她 步步为营 翻手 云覆手 雨 却 逃不开 他 天罗地网 的 危险 温柔 ; quot ; 
81,大风 狂飙 席卷 万里 日月 所临 皆 为 大宋 化身 大宋 皇族 第五 子 只 为 挽 那天 顷救 我汉家 文明 
82,12288 ; 12288 ; 十万 年前 诸仙 大战 万仙 陨灭 仙道 断绝 仙界 当中 仙墓 林立 12288 ; 12288 ; 十万年 后 摸金校尉 携 生死 天书 降临 仙界 12288 ; 12288 ; 盗墓 可是 一门 艺术 哥来 告诉 你们 盗墓 的 正确 操作 方式 12288 ; 12288 ; 陆云 看着 仙墓 中 手忙脚乱 的 仙人 牛气 哄哄 的 说道 12288 ; 12288 ; 
83,他 是 豪门 弃少 亦 是 龙门 之主 他 是 对手 恨之入骨 的 冷血 混蛋 亦 是 无数 少女 心中 的 完美 男儿 他 是 敢于 同 世界 阴暗面 各大 势力 死 磕 的 疯子 亦 是 重情 重义 的 傻子 谤 他 轻 他 辱 他 欺 他 骗 他 的 人 都 被 他 实力 打脸 他 以 一腔热血 创造 一个 又 一个 奇迹 他 就是 苏昊 
84,武林 第一天 才 凌尘 因宗门 遭逢 大变 而 修为 尽 废 武功 全失 在 命 悬 一线 之际 凌尘 偶得 武林 神功 凌天剑经 废脉 重修 从此 通剑道 凝剑 心悟剑意 终成 一代 剑神 已有 长篇 完本 作品 剑 之 帝皇 天界 至尊 人品 有 保证 本书 书友 群 368076179 
85,三年 一剑 今可有 试剑 石心 有 猛虎 明 仍存 风流 言 
86,李尘 穿越 重生 所见所闻 尽 是 光怪陆离 画风 奇特 这里 的 主流 修士 为 偃师 门下 之 偃者 擅长 百工 之术 驾驭 机关 器 和 傀儡 剑修 术士 武者 妖魔 之流 倒成 了 反派 和 背景 板 然而 作为 工科 男 李尘 淡定 表示 这才 是 我 心目 中 真正 的 修真 世界 啊 
87,醉卧 美人 膝醒 掌 除恶 权且 看 仙界 归来 的 林云 如何 一步步 登顶 巅峰 
88,五浊 恶世 地狱 已空 厉鬼 复苏 人间 如狱 这个 世界 鬼 出现 了 那么 神 又 在 哪里 求神 救世 可 世上 已无神 只有 鬼群 623363217 欢迎 加入 
89,仙 与 魔 的 永恒 争斗 琴 与 剑 的 绝世 情缘 这是 一个 宏大 而 瑰丽 的 仙侠 世界 一对 少男少女 踏上 修仙 路 
90,世人 只知 鲁班 书 却 不知 公输 册 造化 之术 一脉相传 一代 天师 踏入 凡尘 搅动 万里 风云 
91,周舒 穿越 了 穿越 到 一个 修仙 世界 他 有 电脑 一般 的 记忆力 和 计算力 还有 勇气 和 坚定 他会 走 到 巅峰 正常 向 的 凡 人流 逐步 成长 的 故事 
92,一万年 太久 只争朝夕 这 一世 我 只 为 一个 快意 恩仇 
93,请 支持 作者 新书 
94,九玄仙 尊林 亦 在 渡劫 飞升 之 时 不幸遭遇 传说 中龙 的 袭击 殒命 天门 台 从而 回到 了 自己 的 少年 时候 成为 地球 高二 学生 林 亦 同时 发现 左手 位置 被 封印 了 一条龙 从此 林亦以 一种 绝强 的 姿态 屹立 于 新 的 世界 中 拳打 恶霸 老 流氓 脚踢 阔少 败家 郎 于是 一场 别开生面 的 强者 崛起 路 正式 开启 书友 群 159096480ps 非 种马 文 
95,秦恒 现代 地球 的 修仙 者 绝世 天才 七岁 炼气 十岁 返虚 十五岁 渡劫 飞升 成仙 十九岁 证 道 永恒 至高无上 横压 诸天 独断 万古 号称 仙帝 为求 更 近 一步 破碎 虚空 却重 生成 了 平行 世界 的 自己 还是 个 身家 万亿 的 超级 富 二代 从此 神豪 无限 吊打 一切 身边 美女如云 纵横 花都 
96,五千年 前 的 一场 机缘 让 木离 成为 了 赫赫有名 的 无极 天尊 可 就 在 他 渡劫 成仙之 时 却 主动 选择 了 重生 回到 二十岁 那年 当木离 重新 苏醒 的 那一刻 他 便 下定决心 这 一世 不会 再 让 那些 遗憾 发生 这 一世 这个 世间 的 万物 都 将 臣服在 我 的 脚下 
97,2019 年 9 月 23 日 凌晨 天灾 降临 天道 生变 万灵 欲念 执念 充斥 天地 天道 不能 承受 恶念 横行 众生 意念 演变 幻想 世界 恶念 善念 执念 欲望 纠缠 不休 天道 无法 承受 已到 极限 极则 变幻 想 降临 万界 相融 万物 霜天 竞自 由此 为 新纪元 开启 是 毁灭 亦 为 新生 这一 纪元 为 永恒 纪元 
98,天骄 林立 妖孽 如 雨 璀璨 盛世 有 我 秦川 足矣 
99,末世 爆发 后 不久 死去 的 古月 借尸还魂 了 还魂 到 仙珠 一书 中 的 小 配角 身上 成为 了 书 中 第一个 被 女主 踩下 的 炮灰 一枚 后来 她 捡 到 一个 重伤 的 美少年 名字 身世 等 竟然 跟 她 看过 的 另 一部 男 主修 神 小说 成神 内 的 主角 一样 而且 这部 小说 的 男主角 是 少见 的 黑化 类型 主角 他 飞升 灵界 前 将 出身 的 小千界 毁灭 了 然后 创造 了 一个 新 的 小千界 他 飞升 仙界 前 将 灵界 毁灭 了 然后 创造 了 一个 新 的 灵界 他 飞升 神界 前 将 仙界 毁灭 了 然后 创造 了 一个 新 的 仙界 遇到 女主 古月 担心 自己 会 被 女主 炮灰 遇到 男主 古月 担心 自己 会 被 男主 炮灰 她 觉得 这 日子 没法 过 
100,少年 周中 意外获得 超级 寻宝 仪 系统 从此 寻得 世间 遗落 无数 宝藏 金钱美女 源源不断 
101,世界 崩毁 七百年 少年 周烈 接到 一个 来自 七百年 前 的 电话 使 他 从此 踏上 了 追寻 世界 奥秘 的 道路 这里 是 新 的 纪元 开拓者 激发 古老 的 血脉 踏着 前人 的 脚步 前行 他们 相信 自己 终将 升华 霸道 的 秦皇 睿智 的 汉武 无双 的 白起 忠义 的 岳飞 祖冲之 徐霞客 李淳风 扁鹊 邵雍 等等 这些 古人 在 今人 的 信念 中 复苏 与 今人 一起 扶摇直上 激烈 碰撞 交相辉映 
102,朝为 田舍 郎暮登 天子 堂 将相 本无种 赘婿 当自强 二十一 世纪 青年 魂 穿 前 知县 公子 没有 三千 美娇娘 更 没有 十万 雪花 银 唯有 杨柳岸 晓风残月 一曲 离骚 道 不尽 的 风流 
103,一个 人 的 奋斗 是否 能 带来 命运 的 转机 沛然 的 大势 到底 能否 被 蝼蚁 所 更改 当 长生 不再 逍遥 众生 皆 为 囚徒 于是 阴谋 丛生 乱世 开启 了 
104,仙元 末年 万 道 争锋 一 心想 要 拜入 第一 仙门 却 身怀 魔 道 祖师 所留 奇书 命运 将 何去何从 顺是 天意 逆为 我命 此生 无悔 来过 古异 第二本 剧情 流 仙侠 书友 群 76089602281085424 微信 公众 号 神出 古异 
105,追风 万里行 寂寞 看 苍穹 ; 杯酒 千秋 去 天外 无 仙踪 光明 阁群 4238o716o 光明 阁 聊天 群 2o971o2oo 微信 公众 号 曳光 或 yeguango622 
106,雇佣兵 王陈扬 回归 都市 只 为 暗中 保护 战友 的 女神 妹妹 从此 上班 调戏 美女 白领 下班 偷看 隔壁 美少妇 洗澡 逍遥自在 然而 是 龙 终要 翱翔 于 天且 看 一代 兵王 如何 用 铁拳 与 智慧 打造 下 铁血 帝国 欲了解 四帝 更 多 故事 请 微信 公众 号 搜索 天道盟 
107,秦弈 曾 认为 修仙 的 人 首要 淡泊宁静 无欲无求 耐得 住 性子 经得住 诱惑 可 最终 发现 仙 首先 有 个人 字旁 仙路 苦寒 你 我 相拥 取暖 
108,王侯将相 宁 有种 寒门 亦 自 把 仙修 千难万险 皆 不怕 万丈红尘 炼道 心 世人 皆 道 长生 好 历经 百劫始 成仙 这是 一个 出身 寒门 的 少年 立志 修仙 的 故事 
109,浪淘尽 千古 风流人物 宏图 霸业 俱往 矣 烽 燃起 南宋 铁 血战 路 盛衰 兴亡 看 今朝 故事 开始 于 公元 1196 年 被 辱 人才 荒芜 的 南宋 江湖 闻名天下 的 抗金 宝刀 饮恨 刀 丢失 武林 动荡 争端 不竭 五湖四海 九州 八荒 但 为此 刀 群雄逐鹿 而 他 的 出现 改变 了 一切 饮恨 刀 的 主人 林 阡 的 名 第一 美女 蓝玉泽 的 心 混世 魔女 林念 昔 的 归宿 以及 金宋 战争 的 统治 地位 盛世 江湖 英雄辈出 十年 磨砺 男儿本色 携手 红颜 统帅 豪杰 驰骋 沙场 纵横天下 本站 郑重 提醒 本 故事 纯属虚构 如有雷同 纯属巧合 切勿 模仿 
110,一记 渡劫 天雷 让 她 带 着 个 变异 空间 重生 了 父母双亡 不怕 咱有 一 农业 专家 外公 人见 人 欺 不怕 咱 好歹 也 是 个 修仙 的 空间 寸 毛不生 只有 破苗 一株 且 只 吃 贵金属 诸小鲜 怒 了 人家 吃 的 是 草 挤出来 的 是 奶 你 呢 小仙苗 呸 了 口 口水 接着 记得 用 它 换些 RMB 回来 新书 最强 弃仙 仙侠 种田 文已 肥可宰 之 
111,这是 一个 骑兵 为 王 的 世界 面对 异界 的 异兽 洪流 好 在 冷炎 带 了 一个 骑兵 召唤 系统 里面 上 有 有 陈庆之 的 白马 骑 曹操 的 虎豹 骑 李广 的 大汉 铁骑 李世民 的 玄甲军 下 有 袁崇焕 的 关宁 铁骑 戚家军 大明 重师 
112,时代 天运 武道 纵横 少年 林凌 自小 被 封印 受尽 欺辱 当 一双 神秘 的 眼瞳 觉醒 时 曾经 的 强者 古老 的 神话 神秘 的 遗迹 出现 在 他 双眼 他 看到 了 逝去 的 时光 看到 了 远古 神魔 的 秘密 他 看到 了 古代 顶阶 功法 所有 消失 在 历史长河 的 强者 通通 被 他 看到 了 借着 古代 强者 的 指点 他 从 渺小 蝼蚁 的 世界 底层 一步一个脚印 走上 俾睨 天下 之 路 
113,顺应 天命 者 悲逆应 天命 者 死 如 之 可 奈何 祈求 天地 庇佑 殊不知 天地 不仁以 万物 为 刍狗 身世 坎坷 且 看 他 如何 面对 人生 经历 大变且 看 他 如何 渐渐 蜕变 命运 降临 且 看 他 如何 对抗 命运 持戟 弯弓 且 看 他 如何 挽破 苍穹 毁天灭 地戮 神屠魔 诛 仙噬 魂 镇 妖 斩 尸 弑 佛 逆 命运 踏天途 一切 尽 在 命之途 
114,骆小白 心底 有个 大 秘密 他 是从 地球 穿越 而来 的 在 那个 自由 图书馆 胡歌 只 对 他 说 了 三句话 欢迎 来到 自由 图书馆 你 终于 来 了 这 是 你 要 的 书 然后 他 便 带 着 变异 版 的 绝世 阅读 系统 开始 了 他 在 异界 清新 脱俗 的 传奇 
115,祖师 慈眉善目 的 看着 石猴 悟空 你 想 从 我 这里 学些 什么 但 凭 师傅 教诲 石猴 恭敬 的 回答 只要 能 揍 扁 如来 就行了 一百年 后 石猴 打败 如来 登基 成 了 玉帝 恶搞 轻松 向 考究 党 卫道士 请 右上角 点 x 谢谢 psqq 书友 群 851055083 云霄 城 
116,剑修 的 阴谋 已 败露 真相 逐渐 浮出 水面 萧金衍 和 他 的 朋友 们 还有 三十 秒钟 到达 战场 三观 犹在 搞笑 新作 书剑 山 系列 之 大侠 萧金衍 全面 上线 且 看 这群 大侠 如何 玩转 江湖 纵横天下 微信 sanguanyouzai 公众 平台 三观 犹在 
117,失学 小青年 陆少 凡 进山 采药 救村花 得罪 了 村痞 在 山崖 采药 时 遭村痞 暗害 意外 唤醒 了 鸿蒙 造化 珠 的 能力 从此 之后 他 走上 一条 逍遥 乡野 医道 修仙 之路 众美 环伺 仙乡 峥嵘 一切 才 只是 别样 人生 的 崭新 开始 
118,系统 扫描 中 程序 加载 中 发现 未知 能量 体系 发现 先进 人体 改造 技术 正在 深度 扫描 系统分析 中 发现 宿主 人体 基因 缺陷 未知 原因 导致 宿主 五星 失衡 宿主 脑域 开发 过低 是否 增大 脑域 开发 度  是否 补全 五行 作者 建了 个 群群 号 576530343 
119,叶辰 因为 体质 问题 天才 成废柴 被 赶出 家族 却 意外获得 了 进入 神级 淘宝 店 的 权限 只要 你 有 足够 的 金币 就 能 买 到 你 想要 的 一切 丹药 功法 法宝 异能 技能 从此 修炼 异能 医术 武术 琴棋书画 炼丹 炼器 透视 天眼 无所不能 更 有 呆 萌 侍女 清纯 校花 可爱 萝莉 冷艳 警花 火爆 教师 性感 护士 醒握 天下 权 醉卧 美人 膝 这 便是 叶辰 的 人生 真谛 
120,大华 天子 耽于 长生 之道 二十余年 不理 朝政 国势 渐衰 厥 国 为首 的 四大 邻国 结成 同盟 引兵 来犯 欲灭 其国 而裂 其疆家国 危难 之际 大华 国 老中青 三代 国柱 冰释 前嫌 合力 御敌 何为 忠勇 何为 恩仇 何为 爱恨 何为 侠义 何为 天人道 谁又能 分得清 
121,二零 一二年 后 地星 原本 已经 枯竭 的 灵气 突然 重新 复苏 人类 和 许多 生物 开始 发现 自身 变化 有人 能够 觉醒 血脉 中 的 潜藏 的 基因 从而 进行 进化 这 类人 统称 为 进化 者 前世 号称 能 和 神 一战 的 进化 者 齐阳 而今 重 生于 初始 时代 自此 之后 诸神 臣服 众仙 破灭 
122,鲸 饮 未吞海 剑气 已横秋 英雄 老犹壮 月 下小剑 仙 这 是 一本正经 的 仙侠 小说 
123,一片 濒临 崩毁 的 轮回 之地 一扇 通往 万界 的 轮回 之 门 主神 已死 轮回 犹在 无意 踏足 轮回 之地 的 一缕 幽魂 为 重生 为 长生 毅然 推开 轮回 之 门 从此 诸天 万界任 我 纵横 
124,一柄 不知 来历 的 剑 带 着 一部 不 知名 的 功法 成就 了 一个 穿越 到 不能 修炼 的 废 柴夜 笑 的 身上 揭开 大陆 一个个 的 秘密 走向 无尽 位面 他 带 着 什么样 与生俱来 的 使命 他 又 将 如何 一步步 走向 巅峰 请 跟随 夜笑 走向 这个 元气 的 世界 
125,水馨 穿越 修仙 界以 天才 的 资质 踏上 修仙 路 举目 四顾 前 无 各类 奇葩 主角 需要 逆袭 后 无 各类 脑残 极品 欢快 蹦 Q 左有 好友 若干 右有 蓝颜 数位 水馨 喜忧参半 这 世界 的 节操 掉 得 凶猛 智商 居然 还 不曾 欠费 等等 你 说 什么 这坑 爹 的 修仙 界 即将 崩溃 
126,一个 靠 说书 为生 的 小道士 却 一心 向往 仙途 妄想 成就 修仙 梦想 阴差阳错 之下 竟然 真的 被 他 用 祖传 的 仙法 打通 了 灵脉 从而 踏入 了 修行 的 大门 且 看 他 如何 一步步 踏上 青云 脚 踩 青天 
127,西 行路 上 悟空 渐渐 洞悉 取经 阴谋 如来 设计 灭杀 悟空 用六耳 猕猴 李代桃僵 取代 悟空 西行 悟空 元神 在 一丝 鸿蒙 紫气 的 护持 下 幸而 未灭 在 花果山 夺舍 重生 自此 与 天庭 佛门 抗争 到底 势不两立 无 穿越 无 狗血 一样 的 神话 人物 不 一样 的 西游 
128,我开 了 一家 心里 诊所 第一天 只是 刚刚 好 装修 完 但是 就 有人 上门来 找 我 了 那个 人 是 我 妹妹 
129,一个 在 异国他乡 独自 挣扎 求存 的 人 却 始终 没有 忘记 自己 的 根 在 中国 始终 坚定信念 寻求 一条 自强 的 道路 最后 在 异国 拼搏 出 属于 自己 的 事业 
130,金庸 武侠 中有 不少 的 神秘 高手 书中 或 提起 名字 或 不曾 提起 总之 他们 要么 留下 了 绝世 秘笈 要么 就 名震 武林 独孤九剑 的 创始者 独孤求败 他 真的 只 创出 九剑 吗 残本 葵花宝典 造就 了 东方不败 那么 葵花宝典 的 创始者 无名 太监 是 何等 功力 侠客岛 两位 岛主 功力 深不可测 却 不是 石破天 一朝 领悟 之敌 那么 太玄经 创始者 的 功力 又 如何 十三层 密宗 龙象 般若 功 据说 后 三层 非 人力 可练 那么 功法 创始者 是否 只练 到 第十三层 逍遥 三老 功力 莫测 逍遥派 绝学 神秘 无比 那么 开派 祖师 逍遥 老祖 的 功力 如何 这些 人 的 实力 难以想象 基本 可 归于 仙 一类 了 如果 
131,系统 女强文 她 是 一只 浸淫 网文 十年 的 书虫 因为 一不小心 瞎说 了 句 大 实话 曝光 了 蠢 作者 低收入 的 内幕 然后 被 蠢 作者 诅咒 一 睁眼 居然 进入 了 兽 人 世界 成为 了 稀有 的 O型 雌性 从此 被 一群 兽人争 着 要 她 做 他们 的 伴侣 虎王 : 我救 了 你 还 带你去 森林 玩 你 做 我 的 伴侣 好不好 狮王 我 给 你 准备 最 丰盛 的 食物 让 你 天天 都 有 肉 吃 你 嫁给 我 好不好 狼王 我 一见 你 就 爱 上 了 你 今生 非 你 不 娶 你 愿不愿意 做 我 的 伴侣 鹰王 嫁给 我 做 我 的 伴侣 我会 带 你 飞飞 哦 
132,新作 异世 独尊 修罗 女帝 万万岁 连载中 前世 一代 天女 为 师姐 所 嫉妒 被 陷害 与 魔君 有染 受刑 身死 今生 她 投胎 为 人间 一个 小 女婴 誓要 飞升 成仙 法宝 本命 飞剑 一出 谁 与 争锋 丹药 丹 神秘 传 在手 凡草 也 能 变 仙丹 绝世 天才 在 真仙 转世 面前 一切都是 浮云 只是 谁 能 告诉 她 这 一世 为何 她 真的 和 那个 十恶不赦 的 魔君 纠缠不清 她 以 剑锋 指 他 冰冷 警惕 你 到底 是 谁 他 眉梢 一挑轻 笑 你 的 未婚夫 读者 1 群 797057813 读者 2 群 798836854 
133,三流 中医 大学 学生 林 天成 和 手机 合体 之后 一个 手电筒 应用 便 能 让 林 天成 拥有 夜视 透视 能力 美图秀 秀 360 杀毒 等等 应用 又 能 带给 他 怎样 的 惊喜 
134,自然界 中 究竟 藏 了 多少 秘密 武道 的 最终 极限 是 在 哪里 浩瀚 的 星空 里 还有 多少 未知 的 生命 而 生命 的 终结 是 消逝 还是 轮回 苍茫 的 宇宙 中 可 有人 主宰 话 气体 之 神奇 窥 自然 之 奥秘 这是 一个 传统 的 东方 武者 流落 星空 之后 所 谱写 的 传奇 有 沙场 对决 武道 争锋 也 有 破碎 虚空 星球大战 是 探索 也 是 一段 征途 
135,江 清流 薄 野老 贼 今日 我 便 杀 了 你 给 我 爷爷 报仇 薄 野景 行啧 都 说 了 我 没 杀 你 爷爷 好 吧 就算 是 我 弄死 的 我 赔 你 一个 不 就行了 江 清流 怎么 赔薄 野景 行 唔 要 不 老夫 就 吃 点 亏 纡尊降贵 给 你 当 爷爷 算了 你 觉得 呢 江 清流 我 觉得 人 不能 无耻 到 这种 地 步入 Ｖ 公告 由于 本文 作者 一度 君华 好色 贪财 见钱眼开 胭脂 债将 于 ６ 月 ５ 号入 Ｖ 感谢 大家 一路 陪伴 渣 一会 用心 写下去 Ｍ Ｕ Ａ 水平 低劣 谢绝 扒 榜 = 3 = 致 我们 终将 填平 的 坑 → _ → 饭票 渣 一 爆笑 末世 文小 
137,一根 香蕉 牵扯 出 了 一个 故事 人生 百态 红颜 祸水 对 爱 的 执着 只 因 初恋 这件 小事 欲 要 平凡 却 偏 波澜壮阔 不是 我 的 错 也 不是 你 的 错 而是 生活 百般 滋味 且 看 校园 的 故事 懵懂 的 少年 一样 有着 热血沸腾 的 时刻 PS 若 是 没有 账号 的 麻烦 大家 用 QQ 或者 贴 吧 号 登陆 酷匠 网 帮忙 点下 封面 下 的 撸 撸 和 右上角 的 追书泄 公子 感激涕零 
138,一粒 金丹 吞入 腹始 知 我命 不由 天 一次 机缘 陈离 来到 一方 人神 共存 的 世界 一颗 古珠 让 他 拥有 了 穿越 诸天 万界 的 能力 聊斋志异 八仙过海 蜀山 剑侠 西游 封神 永生 遮天 自此 自 诸天 中 修得真 性上 仙山 入 洞天 闯 禁地 游 寰宇 大自 在 大 逍遥 
139,这是 什么 鬼 只见 一位 身穿 华丽 银甲 的 绝 美少年 一边 把玩 着 身后 伸过来 的 圣光 羽翼 一边 无比 震惊 的 说道 而 他 所在 的 地方 是 一间 足足有 数千平方米 的 巨型 白色 大殿 四壁 和 穹顶 上 都 有 精美 至极 的 雕塑 正中间 则 是 一个 祭坛 满脸 懵懂 神色 的 少年 就 站 在 祭坛 上 
140,天武 大陆 以武为 尊风浩 一个 修炼 废材 在 天武 大陆 遇见 了 自己 的 红颜 之一 但 由于 是 个 庸才 被 大家 瞧不起 在 某 一天 他 的 逆天 改命 之 旅 被 一个 女人 彻底 开起 了 是 她 让 曾经 弱小 无能 的 主角 为了 挽回 自己 的 尊严 而 与 她 相战 是 她 她 的 那 一句 刺耳 充满 嘲讽 的 话语 让 主角 逆天 而行 是 她 让 一个 原本 想 默默无闻 度过 余生 的 废材 男孩 意识 到 力量 的 重要性 为 真爱为 尊严 风浩 决定 开启 虚武 开启 虚 武不生 即 死 但 人 固有 一死 或 重于泰山 或 轻于鸿毛 风浩 不甘 欲逆天 于是 又 一个 传奇 就 开始 了 
141,当代 军人 与 异 世道 佛 的 演绎 你会 锻体 金刚 不坏 我 懂 咏春 专打 要害 你 有元力 佛力 我 有 擒拿 锁技 道术 佛法 高深莫测 我用 长弓 狙击 我造 手雷 轰炸 我 若 修仙 修元界任 我 纵横 我 若 成仙 得 空想 回 地球 坐坐 唯一 的 遗憾 结丹前 还 得 留 着 童子 身 书友 群 321753987 
142,修仙 大能 重生 都市 会 炼丹 能 炼器 懂 阵法 且 看 陈远 如何 在 都市 吊打 一切 一步步 登临 绝巅 
143,天上 有 仙 我 必 斩 之 九天 十地 唯 我 绝神 天下第一 刺客 亦 是 天下第一 剑客 的 荆轲 刺杀 荒 天帝 失败 却 意外 得到 荒 天帝 两大 绝学 之一 的 九阳 噬 天诀 灵魂 重生 在 万年 后 九州 大陆 的 少年 秦轲 身上 万年 后天 人之路 断绝 为报 前世 灭族 之仇 秦轲 逆天 重修 噬 天地 斩 苍穹 撼动 神界 
144,修炼 奇效 杀人 杀怪 等级 狂飙 抽奖 功能 神技 神兵 拿到 手软 副职 系统 神丹 圣符 轻松 炼制 宅 男辰 申带 着 无敌 系统 穿越 而来 打怪 爆 秘籍 杀人 爆 装备 左手 降龙百 二十八 掌 右手 诸天 乾坤 大 挪移 威压 三界 终成 无敌 至尊 
145,拥有 最佳 巫师 天赋 的 梅琳 却 因为 迟迟 不能 突破 而 成为 同学 间 的 笑柄 并 即将 沦为 奴仆 一次 意外 的 奇遇 获得 一件 奇妙 的 宝物 不仅 弥补 了 识海中 莫名 的 缺欠 而且 还 能够 通过 宝物 的 特性 变废为宝 终于 成功 走上 巫师 之 路 利用 自己 的 优势 成就 永恒 
147,一个 地球 神级 盗墓 宗师 闯入 修真界 的 故事 桃花源 里 有 歌声 山外 青山 白骨 山 五花马 千金 裘 倚天剑 应 我 多情 啾 啾 鬼鸣 美人 薄 嗔 天地 无垠 谁家 旗鼓 碧落黄泉 万古 高楼 为 义气 争雄 为 乱世 争霸 你好 仙侠 
148,地球 洪荒 数亿 年 后 渐渐 形成 四洋 八海九岛 四十二 瀑 八十一 奇峰 三十六 巨窟 七十二 玄洞 以及 九幽 之下 诸处 晦暗 骤阳骤 阴之地 的 格局 修真界 历经 无数 年 的 争斗 渐渐 形成 七 大门 派 各择 灵脉 潜心 修炼 同时 纷争 不休 一个 美丽 而 神奇 的 山庄 三千年 来 与世无争 一直 过 着 桃花源 般的 生活 然而 一个 诡异 的 天象 出现 以后 随着 魔咒 解封 山庄 蓦然 遭到 了 毁灭 但 却 幸存 下来 四个 孩子 魔咒 解封 魔物 即将 再临 人间 仙界 一派 哗然 四个 少年 该 何去何从 其中 一个 叫 柳 牵浪 的 少年 无意间 得到 了 六部 神异 仙卷 走上 了 一条 逆天 的 
149,高手 下山 来 一心 做个 逍遥 翁 却 不想 因为 一个 极品 美女 卷入 是非 漩涡 之中 美女 在 侧 江山 在 前 他 要 嬉笑怒骂 红尘 随心 龙游 都市 傲世 无双 他 要 搅动 风云 叱咤 天下 
150,阴人路 活人 坟 因为 贪吃 我 被 配 了 冥婚 从此 命运 被 改写 
151,灵药 仙符 仙丹 灵兽 她 苏媚情 通通 都 要 开启 刷宝 模式 大道 路上 从头再来 风生水 起 曾经 的 她 是 个 妖媚 至极 的 狂妄 妖女 绝世 容颜 惊世 才情 却 没有 得到 与 之 匹配 的 爱情 反而 被 众人 唾弃 万夫 所指 现在 的 她 浅 笑嫣然 冷心 冷情 莲花 般 沉静 如水 的 面容 下 却是 如寒冰 入骨 般的 决然 不再 追逐 那 虚无缥缈 的 感情 只为 求道 此时 细嫩 的 芊芊 食指 悠然 一指 那些 亏欠 于 她 的 又 怎么 能 不 一一 讨还 呢 
152,地狱 之主 重生 顶级 弃少 天榜 第一 剑道 宗师 神境 强者 招惹 我 一招 灭 之 这 一世 神挡 杀 神佛 挡 杀 佛 这 一世 执掌 一切 君临 星空 
153,她 是 南域 第一 天骄 携带 着 抢 到手 的 惊世 机缘 意外 重回 地球 她 是 第六 区 军事学院 的 废物 受尽 嘲笑 最后 惨 被 她 心上人 杀害 她 成为 她 一切 都 不同 了 从此 校园内 没有 什么 废物 只有 无数 人 仰望 的 第一 首席 没有 灵气 没关系 她 有 小 世界 没有 资源 没关系 她 有 先天 灵宝 自己 炼 她 锋芒毕露 之 时 昨日 视 她 如 垃圾 的 男人 示好 只求 她 多 看 一眼 她 只有 一个 字 滚 她 的 男人 必须 是 千 万人之上 的 强者 
154,我 龙袍加身 我 富可敌国 我 权倾天下 我 挥金如土 我 博学多才 我 智勇双全 我 英俊潇洒 我 风流倜傥 我 与 世 无敌 我 万众瞩目 我醒 了 发现 这 一切都是 真的 因为 我 是 系统 之主 诸天 万界 所有 系统 的 创始人 请 注意 前方 高能 
155,他 曾 传授 盘古 他 曾 指点 女娲 他 曾 化身 药祖 他 曾 舍身 成魔 封禁 诸神 镇压 血祖 灭杀 堕仙 威慑 禁区 称霸 寰宇 星空 主宰 携 前世 记忆 都市 归来 主宰 生死 重临 巅峰 
156,刀剑 天帝 偶得 神秘 铜 棺 却 被 好 兄弟 和 妻子 偷袭 致死 含恨 而亡 不料 意外 重生 得 不 死 魔 经以 魔心 为 根魔 棺 为源 塑不死 魔身 掌 不 死 天道 成不死 永恒 之主 这 一世 定要 以 吾 手中 刀剑 斩破 九霄 剑碎 天地 
157,他们 是 游历 四方 的 预言者 也 通风 水走 阴阳 行于 世间 的 时候 永远 都 身背 一包 菜刀 和 剪刀 所过 之 处所 见之事 通常 都 会 留下 个 邪门 至极 的 预言 这 把 菜刀 你 且 留下 五年 后 你 家中 老人 若死于 痨病 我 再 过来 收钱 这 把 剪刀 你 且 留下 等 你 孩子 出生 之 时 如若 有鬼 缠身 我 再 过来 收钱 他们 是 来自 遥远 道门 的 传承 铁口 定 生死 神算 定乾坤 预知 身后事 请问 赊刀 人 
158,孤身 离家 五年 后 重新 归来 他 医术 惊天 武道 成王 甚至 携带 着 那个 波澜壮阔 的 时代 记忆 是 兵王 更是 王中 狂龙定 要 纵横 都市 执掌 一切 无敌 于 当世 
159,关于 灵武 帝尊 大陆 传闻 集九本 天书 者 破 天道 掌 轮回 上古 世界 走向 了 尽头 荒 古文明 消失 在 了 历史长河 当 世界 被 无尽 的 炼狱 吞噬 灭世 的 传说 在 大陆 拉开序幕 一位 来自 地球 的 年轻人 出现 在 了 这 陌生 的 世界 当 他 意识 到 必须 用 自己 的 力量 保护 所 珍惜 之人时 青年 辰 天拿起 了 手中 的 利剑 刺向 了 苍穹 用 鲜血 谱写 一段 异世 狂歌 星辰 为阶 日月 为路 剑荡 九州 踏碎 凌霄 上 青天 灭 皇族 战 群雄 异界 为帝 
160,御 九龙 伐 诸 天诛 神魔 逆转 苍穹 证无上 圣帝 
161,桀骜 齐天圣 铮铮 大魔 猴 神佛 无道 害 孙悟空 身死道 消只 留 一丝 神魂 逃出 他 号 齐天 却 有 诛 天之志 既 无 俱 天地 又 怎能 臣服 那 便 带 着 无尽 执念且 看 大圣 归来 势必 要 杀 他 个 天翻地覆 苍穹 动摇 神佛 颤栗 我若成 魔 天奈 我何 书友 群 344397967 欢迎 加入 交流 
162,妖魔 横行 世人 苦难 神兵 魔刃 遮耀 天下 手机 上 的 一款 游戏 修改器 意外 成 了 路胜 脑海 里 的 异能 也 成 了 他 在 这个 黑暗 乱世 唯一 的 依靠 
163,简介 少年 古辰 华夏 天朝 一 普通 小子 因 身怀 绝世 仙根 被 某位 游历 寰宇 的 大能 看中 带 出 地球 养肥 后 抽走 仙根 精血 打入 自己 儿子 的 身体 中 少年 落 了 个 生死 道消 的 下场 谁知 天道 好 轮回 大能 之子 随意 送给 少年 的 普通 玉石 却是 神秘 至宝 借助 此物 少年 重生 十年 前 的 地球 命运 的 齿轮 开始 转动 一切 将 重新 开始 
164,我 在 夜总会 做 DJ 那些 年 亲眼 见证 了 这个 行业 的 无奈 与 心酸 小姐 只是 任 男人 拨弄 的 玩物 少爷 只是 让 女人 消遣 的 人偶 我 想 努力 爬 上 这个 行业 的 顶端 却 感觉 如覆 薄冰 这是 一个 人性 贪婪 的 社会 每 走 一步 都 布满 荆棘 犹如 一支 冬天 夜里 的 蔷薇 一不小心 就 会 在 风雨 里 不停 的 摇曳 
165,那天 晚上 我 同桌 把 我 壁咚 让 我 放 一首 抒情歌曲 调节 一下 气氛 之后 我 怀念 的 不是 年少 轻狂 而是 我们 曾经 在 一起 的 日子 
166,天山 云端 藏灵仙 两 两 相望 云海 间雨 绸缪 情难 见 哀怨 锁心间 这 是 一部 令人 荡气回肠 的 正统 仙侠 故事 也许 他 是 我们 每 一个 人 都 会 有 过 的 经历 
167,温度计 中 的 水银 落 在 破画 上 竟然 开启 了 诸天 万界图 从此 行走 于 诸天 万界 怎么 又 是 地狱 级别 难度 任务 ; quot ; 唐空 愤怒 道 : 等 我 超脱 大千世界 迟早 把 那个 傻缺 作者 吊起来 打 六月 帅观 主本 作者 写书 多年 新书 创意 众多 聚合 在 此 一章 就 能 完结 三本 让 这个 不尊 作者 的 主角 死个 好几回 不信 你 看 
168,皇上 七 国联军 来犯 龙椅 上 的 皇帝 淡淡的 问道 丞相 你 怎么 看 丞相 摇着 羽扇 风淡云轻 说道 请 太子 爷 于是 龙椅 上 的 皇上 龙袍 震动 大吼 一声 快 去 请 太子 大世 争锋 百国 称霸 有 王侯 镇守 八方 有 封号 大将 扛起 龙旗 将军 百 战死 壮士 十年 归有 孩童 立志 踏破 贺兰山 阙 有 书生 投笔 愿 披征 袍 封狼居胥 有 妖娆 美人 谁 说 女子 不如 男 身披 山河 图踏如山 白骨 饮一 杯酒 壮哉 道 男儿 在世 当 如此 万里 江山 如诗如画 四方 来 拜 八荒 朝贺 
169,关于 狼 与 兄弟 狼 看似 冷酷 的 外表 隐藏 着 无限 柔情 为了 家人 和 兄弟 甘愿 牺牲 自己 犹如 主角 王赢 的 性格 冷酷 的 不是 内心 而是 对 世俗 的 漠视 他 就 像 狼 王 一样 无论 在 哪儿 都 能 成为 团队 核心 带领 着 自己 的 兄弟 出生入死 不离 不弃 从 大学 时代 的 青涩 到 步入 社会 的 坎坷 就 像是 一段 不 平凡 的 生存 之 路 他们 像 狼 一样 团队 合作无间 他们 一起 开拓 一起 战斗 一起 创造 辉煌 纵然 世事变迁 无常 但 永远 不变 的 是 那 一起 哭 过 笑 过 伤过 的 兄弟 之情 纯银 耳坠 唯一 官方 106592240 
170,山村 少年 学艺 归来 道术 盖世 医术 无双 却 被 爷爷 强行 勒令 帮助 美女 村官 带领 村民 发家致富 奈何 美女 村官 性格 霸道 刁蛮 只能 任由 美女 摆布 不但 要求 陪吃陪喝 还 被 要求 陪 睡 对此 某人 只能 悲愤 的 喊一声 这 日子 没法 过 了 
171,叶枫 是 世界 上 唯一 一名 修真者 修仙 之旅 十分 美好 只有 你 想不到 没有 你 看不到 而且 最 重要 的 是 这里 有 2012 你 是否 还 没有 找到 心目 中 的 修仙 小说 感叹 现代 修真 小说 与 自己 的 距离感 你 是否 还 在 为 平凡 的 身躯 而 无奈 却 依然 坚信 武术 修真 高等 生命 的 真实性 你 是否 还 像 大多数 人 一样 还 没有 看到 现实 中玄幻 纷呈 的 生活 吾 当为 众 生灵 开创 人 道 天堂 叶枫 如是说 目光 穿透 了 混沌 虚空 PS 本书 承载 平凡 的 修仙 梦想 可能 稍稍 狗血 有点 夸张 貌似 很 无厘头 本书 宗旨 世界 不 灭 本书 不 完 妙法 临降 援引 真路 永恒 无量 自 在 轮回 
172,我们 没见 过 的 事情 不 代表 它 不 存在 我们 听过 的 传说 不 代表 它 就是 虚构 的 我们 的 命运 要 掌握 在 自己 手里 神要 我 认命 我 打碎 神 o 魔要 我 低头 我 踏破 魔坛 神魔 又 是 什么 他们 身在 何处 一切 尽 在 人间 神魔 
173,作为 中国 最 精锐 的 特种部队 的 格斗 教练 他 已经 站 在 实战 国术 的 巅峰 然而 他 不无遗憾 因为 人力 有限 国术 虽精 却 仍然 是 有 尽之术 而 非 无穷 之道 他 虽屹于 绝顶 却 也 止步 于 此 再 难 寸进 直到 他 来到 这个 充满 无限 可能 的 世界 本书 是 同人 却 绝对 不会 是 靠着 copy 起家 的 抄袭 文 即使 与 原著 相同 的 任务 也 会 写出 不同 的 东西 并会 尽量 做到 让 读者 即使 没读 过 原著 没 看过 任务 涉及 到 的 电影 都 不至于 影响 阅读 由于 主角 的 加入 原著 的 人物 命运 将会 有 新 的 演绎 或许 一个 不起眼 的 炮灰 也 会 有 属于 他 的 光芒 愿意 倾力 为 无限 流 添砖加瓦 
174,三十六天 无极 三千 世界 鸿蒙 大明 我来 了 道 门 我 来 了 符诏 我 来 了 在 统制 世俗 的 道 门 中 一步步 迈向 权力 的 高峰 向着 飞升 天界 的 目标 而 去 
175,一九三 零 年代 的 杭州 烟柳 繁华 之地 一个 小道士 的 奇遇 引动 各界 人物 现身 西域 高僧 政府 要员 日本 武士 中统 特务 太极 高手 梨园 名角 一时 种种 秘传 心法 浮现 于世 本书 根据 武林 掌故 和 前 人口 传 生动 讲述 了 一段 民国 江湖 传奇 小说 以 史实 和 拳理 相 陈 描画 奇人 奇情 奇事 奇技 主要 人物 皆 有 原型 其 下笔 简洁 立意 高远 有 明清 笔记 遗韵 当初 本书 的 写作 是 向 中国 武侠小说 的 开山 之作 江湖 奇侠传 致意 现在 作者 重新 删削 润色 更具 文采 之胜 以飨读者 
176,重生 归来 自己 摇身一变 竟然 变成 了 富 三代 从此 之后 一条 康庄大道 在 林逸 面前 缓缓 展开 
177,由于 体内 隐藏 着 神兽 的 赵仁凡 根本无法 召唤 灵兽 在 这个 一切 以 实力 为 尊 灵兽 至上 的 世界 里 赵仁凡 免疫 一切 灵兽 撩妹 泡妞 装逼 打脸 让 人们 认识 到 不带 灵兽 照样 可以 这么 牛 PS 每天 最少 3 更 
178,这是 一个 支离破碎 的 角落 这是 一个 被 遗忘 的 世界 那 一天 是 宁城 最 失意 的 时候 那 一天 他 被 硬生生 的 带到 了 这里 这个 角落 因为 有 了 宁城 将 在 浩瀚 星空 中 留名 这个 世界 也 因为 有 了 宁城 将 在 无尽 宇宙 中 精彩 
179,司马 纵横 本来 是 一个 普通 的 不能 再 普通 的 学生 但是 在 得到 一个 神奇 的 炉子 之后 就 开启 了 自己 神奇 的 旅程 
180,本书 又名 大秦 天庭 穿越 成为 被贬 皇子 所幸 老天 没有 让 秦君 绝望 激活 神话 系统 神话 中 一切 角色 都 可以 被 召唤 齐天大圣 孙悟空 一棍震 山河 千里眼 顺风耳 洞察 世界 如来佛 祖 掌中 佛国 无人 能 逃 在 这 神魔 世界 誓要 做 最强 的 神 皇任 我 木鱼 画梦阁 130956024 颜王殿 二群 620537157 任 我 笑 神 将 盟三群 737526498 已 满大秦 天庭 四群 744212089 已 满天 帝石殿 VIP 群 468695854 需得 五千 粉丝 值 以上 才能 进 
181,落魄 世家子弟 林牧偶 得 斩 仙 飞刀 可 吞噬 神魔 众生 透视 天地万物 自此 困龙 升天 势不可挡 一步 武神 一步 死神 飞刀 在手 斩 强敌 败 天骄 踏 苍穹 吞 星空 龙吟 九霄 笑傲 生死 成就 武道 之神 乌云 蔽日 风雨 来腾 蛇 乘雾 乾坤 破 苍穹 遮眼 星河 乱 万古千秋 尊神王 
182,修仙 者 都市 重生 成为 落败 的 富 二代 大学生 张逸风 从此 开启 逆袭 之路 脚 踩 高富帅 拳打 各类 大师 凭借 修真 秘术 睥睨 天下 横扫 世间 一切 对手 在 我 面前 无人 敢 嚣张 因为 敢 对 我 嚣张 的 人 都 不会 有 以后 在 我 面前 哪怕 是 高高在上 的 女王 也 要 低下 头颅 不然 头上 永不 会 有 王冠 
183,谁 无 虎落平阳 日待 我 风云 再起 时 提刀 问天 我 是 楚河 谁 是 当午 孤苦 少年 三魂 残缺 无法 修炼 当 命数 终至 三魂 皈依 他 将 手持 巨刃 披荆斩棘 收萝莉灭 小人 融 武魂 炼魔印 平凡 少年 将 演绎 一生 不 平凡 的 传奇 玄武 之作 必为 精品 已 完本 三部 小说 上 千万 字 还 请 各位 看官 放心 收藏 安心 订阅 
184,我 是 一个 穷吊丝 初二 暑假 的 时候 一次 无意 中 帮助 初次 相识 大美女 反而 被 无辜 被 打 也 因为 认识 这个 大美女 也 改变 了 我 人生 的 轨迹 正当 我 以为 站 在 事业 的 巅峰 时 相爱多年 的 爱人 却 为了 别人 让 我 一败涂地 为了 身边 的 兄弟 为了 所有 在 逆境 中 帮助 过 我 的 人 我 又 重新 站立起来 了 在 事业 上 造就 一个 更 高 的 巅峰 
185,你 知道 我爸 是 是 谁 吗 你 爸 是 谁 只有 你 妈 知道 
186,那 一天 他 醒来 发现 床边 多 了 一个 女孩 而 女孩 对 他 说 我 是 你 的 孙女 
187,修真界 一代 天 尊重 生 地球 在 这 繁华 的 都市 中 掀起 来 巨大 的 浪涛 顺我者昌 逆我者亡 我 看 你 顺眼 许 你 一场 大 造化 让 你 一生 荣华富贵 你 与 我 作对 不好意思 只能 送 你 去 和 阎王 谈 人生 
188,太阳 突然 消失 一天 后 空气 中多 了 一种 对 生命 极其 有益 的 物质 灵气 随着 天地 灵气 的 不断 复苏 深藏 在 万物 众生 体内 的 灵根 被 激活 从此 腾云驾雾 呼风唤雨 不再 只是 神话传说 在 一次 昆仑 考察 中 鄢然 偶得 上古 传承 自此 踏上 了 无上 修仙 之旅 
189,回首 一瞬 浮云 霎那间 死亡 是 结束 也 是 新 的 开始 花开花落 周而复始 轮回 不断 芸芸众生 能 做 的 只有 放下 执念 顺其自然 人生 失意 绝症 身死 带 着 记忆 转世 重生 为 白蛇 岁月流逝 属于 人类 的 那 部分 记忆 逐渐 被 兽性 压制 蛇 就是 蛇 永远 都 不是 真正 人类 变身 女蛇 妖 寻求 仙道 扣群 922306767 
190,有物 先天 地 无形 本 寂寥 能为 万象 主不逐 四时 调 
191,一代 霸天 战帝 叶辰 在 人族 存亡 之时 与 仙族 的 不 死 仙帝 生死 决战 却 遭遇 好 兄弟 的 背叛 被 其 致命 一击 但是 他 没有 死 反而 通过 轮回 项链 回到 八百年 前 他 觉醒 的 血脉 心脏 被准 岳父 狠毒 切除 之际 叶辰 激动 又 愤怒 的 在 心中 怒吼 这 一世 谁 也 不能 切除 我 的 血脉 心脏 我 将 以 无敌 之姿 重踏 帝路 斩尽 各族 天骄 
192,我心 武道 壮志凌云 饱受 欺凌 的 圣 武院 弟子 萧凌 在 一次 意外 觉醒 逆天 血炎 武魂 修 八门 遁甲 从此 踏上 了 轰 杀 天才 妖孽 的 逆袭 之路 只 问 这 苍茫大地 谁 敢 与 我 一战 
193,唯有 强者 才能 称 魔 本文 主角 不 圣母 杀伐 果断 改了 三次 简介 了 还是 感觉 好渣 书友 群 607498533 欢迎 大家 来水群 一起 讨论 剧情 
194,吾辈 岂 是 局中客 嫁 与 苍穹 难 做家 莫道 妙笔 忽 作画 天下 为 棋 欺 天下 本书 由 王莽 赶 刘秀及 云 台阁 二十八宿 的 民间 神话故事 丰富 和 改编 而 来 如有雷同 实属 巧合 
195,西周 末年 天子 无道 欲求 仙法 而 不修 朝政 弃 国事 于 不顾 因此 民不聊生 妖邪 乘患 而 起 祸乱 苍生 天下 间 一时 风云变幻 华夏 有 奇人 者 欲 捍以己 出 斩 旱魃 诛 河伯 歃血 猎 妖 为 盟仗 傲剑立 狂刀演 一段 罕为 人知 的 妖史 春秋 作者 百年 修行 字 行间 尤诉 精彩 禁 长篇 书友 群 156885388 
196,简介 ; quot ; 这 尼玛 谁 受得了 ; quot ; 香 的 是 怀中 美女 软 的 是 她 无骨 柔体 白 的 是 纱织 外衣 额红 的 貌似 是 他 周文东 自己 的 鼻血 都 说 美女 爱 高富帅 但 老子 不管怎么 说 也 是 牛 叉叉 的 重生 之 人为 情身 死经 金丹 塑体 独特 的 修炼 功法 彻底 让 他 爆发 了 黑帮 咱灭 得 了 门派 咱端 得 了 美女 咱 追求 中 
197,先天 左手 六指儿 被 亲人 称为 扫把 星 出生 时 父亲 去世 从小到大 身边 总有 厄运 出现 备受 歧视 和 白眼 十八岁 受 第三个 半纪 劫 时 至亲 的 爷爷奶奶 也 死 了 从此 主人公 走上 了 流浪 之 路 一边 继续 苟延残喘 自己 的 生活 一边 调查 谜团 背后 的 真相 在 生与死 的 不断 纠缠 中 我 要 与 鬼 论道 与 天 争锋 
198,1v1 互宠虐 渣 爽文无虐 无小三 小可爱 们 请 放心 食用 她 为 天选 之 女生 来 不凡 却 因敛 尽 风华 被 人 视作 废物 无情 背叛 既 如此 她 便 绽放 绝世 锋芒 从此 觉醒 血脉 炼丹 炼器 无所不能 驱龙驭 凤 随心所欲 天下 至尊 手到擒来 唯独 那个 不 小心 招惹 到 的 冷邪 冰帝 霸道 无比 无处不在 的 爱 她 护 她 帮 她 真是 的 被 他 如此 对待 还 怎么 可能 看得 上 别人 这个 男人 可真 狡猾 
199,修佛 传记 是 Alex 郑写 的 仙侠 修真类 小说 迷茫 什么 时候 是 个头 佛修 不 一样 的 修行 不 一样 的 人物 不 一样 的 剧情 新 的 开始 我愿 御风 撕 云霄 淡淡 一笑 万古 消恒 的 佛 修之路 充满 曲折 是 在 沉默 着 爆发 还是 在 锦 市内 消亡 逆天 的 银盒 5 灵根 的 佛修 在 修仙 界能 走 多 远 拭目以待 
200,林封 离开 战场 回归 都市 得知 母亲 去世 的 消息 充满 恨意 为了 完成 母亲 的 遗愿 他 来到 sh 市 寻找 他 的 未婚妻 不过 他 注定 有 不 平凡 的 一生 命中注定 他 要 经历 什么 呢 
201,她 是 驭 妖谷 最 厉害 的 驭 妖师 却 为 一只 鲛 人 谜 了 心 原名 驭 妖 
202,梁萧 已远 陆渐 未 生乐 之扬 踏入 江湖 灵 道 石鱼 大明 帝位 引爆 江湖 与 江山 大 明洪武 二十七年 时局 已 定 天下 归属 朱元璋 但 此时 江湖 势力 繁杂 不满 朱姓 王朝 甚至 觊觎 皇帝 宝座 的 门派 大 有所 在 江湖 血雨腥风 纷争 不断 
203,吾 乃 剑魔 今日 只求 一败 仙门 之外 剑魔 独孤求败 手持 玄铁重 剑 横立 天地间 周身 被 无边 剑气 覆盖 他 的 身后 十万 剑侠 跟随 在 后 杀气 直冲 云霄 我 乔峰 愿 为 陛下 披荆斩棘 横 推 万古 伟岸 的 身影 光耀 九州 一掌 出 天地 变 降龙十八掌 镇压 诸天 东方不败 愿 为 陛下 鹰犬 剿杀 叛逆 红装 披身 但是 遮不住 内心 的 猛虎 从此 地狱 多 恶鬼 众仙 横行 的 世界 但是 我 武道 不服 
204,谁 说 神武 不可 兼得 少年 云霄 偶得 神丹 修武 道炼 神魂 且 看 小 猎户 如何 逆转 乾坤 踩遍 世间 天才 踏平 诸天 万界 
206,六扇 门 开展 江湖 严打 活动 导致 盗圣门 业务 陷入 寒冬 为 解决 这一 难题 门主 西门 吹灯 决定 派 闭门 弟子 苏犹在 潜入 六扇 门 卷入 了 一场 惊天 阴谋 之中 本书 承接 行镖 一如既往 的 搞笑 微信 : sanguanyouzai 交流 群 296474023 公众 平台 三观 犹在 
207,弹丸 鸟国 欺人太甚 且 看 我持 神兵 夺 造化 转涅 斩 诛 魔 封神 战 踏平 八方 问鼎 武神 还 太平 天下 欢迎 加入 QQ 群 638147695 
208,垂死 梦中 惊 坐 起身 处 已 是 不知 年 无 痣 青年 杨戬 过 马路 抱 着 手机 翻 起点 找 小说 倒霉 的 被 一辆 闯红灯 的 货车 撞飞 醒来 后 发现自己 正 重伤 蔫 在 土炕 上 身旁 还 多 了 个 泪眼汪汪 的 可爱 小萝莉 既然 魂 穿 为 大名鼎鼎 的 二郎神 杨戬 那 有件事 就是 必须 去 做 的 拜师 玉鼎 劈山 救母 肉身 成圣 遛狗 追 嫦娥 错且 等 他 左手 开天 斧 右手 三 尖刀 金 弓腰 上别 天狗 食 日月 玄法战 乾坤 八九 力 通天 先 把 那个 刘彦昌 捏死 看 谁 敢 算计 杨小婵 
209,轩辕剑 游戏 唯一 官方 授权 改编 同名 电视剧 由 关晓彤 鞠婧 t 于 朦胧 张云龙 高伟光 主演 于 2017 年 8 月 8 日 东方 卫视 播出 同样 身怀 金色 剑气 蜀汉 飞羽军 第一 将 皇甫 朝云 手持 方天画 戟 北魏 徐 暮云 携镇国 神器 虚空 剑 强强 碰撞 这 又 是 一场 怎样 的 命运 纠葛 朝暮 兄弟 之心本 应该 肝胆相照 怎奈 各为其主 沙场 剑戟 催人魂 五彩 灵凤仙门 入世 轩辕 传说 风云 再起 
210,十二年 前 一个 小男孩 救 了 一个 小女孩 十二年 后 小女孩 成 了 武林 第一 门派 的 圣女 名动 江湖 多少 江湖 青年 俊 才 想要 一睹 圣女 仙容 可 都 一一 遭到 拒绝 圣女 只 说 了 一句 话 我 哥哥 不 同意 新书 请 多多 支持 粉丝 群 825503492 
211,境界 比 我 高 功法 比 我 好 天赋 比我强 法宝 比 我 吊 呵呵 我 一拳 秒杀 没有 为什么 老子 是 个 挂 逼 强烈推荐 完本 精品 老书 重生 之 都市 仙王 重生 都市 魔帝 读者群 619431203 
212,林成 意外 成为 僵尸 僵尸 会 道术 鬼怪 挡不住 PS 本书 读者群 216536066 
213,我本 一介 世俗 凡人 只愿 此生 握 着 她 的 手 坐在 落霞 湖畔 看尽 世间 风景 即使 茫茫 万界 宇宙 再 好 也 从不 羡慕 可 为何 偏偏 天意 弄 人 既然如此 那 我 便 只好 再 登 云霄 问 天道 登天 路 斩 天命 逆天行 
214,男人 一生 需要 守护 四样 东西 一是 脚下 的 土地 二是 家里 的 父母 三是 怀里 的 女人 四是 身边 的 兄弟 年少 轻狂 只 为 追求理想 豪情万丈 只 为 缔造 辉煌 我们 告诉 自己 要 像 一头 不知疲倦 的 狼 肚里 咽 着 肉 嘴里 叼 着 肉 
215,九域 玄穹 天骄 辈出 叹 悠悠 万古 惟神者 不腐 少年 楚寒 一朝 觉醒 重登 仙途且 就 上 斩 九 天下 诛万仙 
216,龙脉 大陆 万族 林立 宗门 无数 武者 为 尊 强者 毁天灭 地 弱者 匍匐 如蚁 少年 陈枫 丹田 如铁 无法 修炼 受尽 冷眼 偶得 至尊 龙血 神秘 古鼎 从此 逆天 崛起 横空出世 娇俏 妖狐 冷傲 女皇 魔门 妖 女神 族 公主 尽皆入 我 怀中 修无上 传承 凝 最强 武魂 坐 拥众 美 傲视 九霄 
217,江湖 奇功 无数 历经 时代 变迁 如今 中原 武林 存有 九大 奇功 隐秘 势力 蛰伏 已 久 蠢蠢欲动 曾经 失传 的 奇功 纷纷 现世 主角 林夕 麒 机缘巧合 之下 得到 当今 九大 奇功 之一 冥冰 真经 残卷 
218,道教 起源 春秋 传承 至今 具有 巨大 的 生命力 道教 的 学问 包罗万象 不仅 记录 了 道教 的 道统 规矩 修炼 方术 斋醮 科仪 还 保留 了 中国 古代 哲学 文学 医药学 养生学 化学 音乐 地理 等 多种 学科 的 珍贵 资料 在 每朝 每代 都 有 关于 道教 的 能 人 轶事 道教 出世 者 显赫 如 天师 道 穿 紫带 金 游说 于 庙堂之上 隐世者 如 三 丰真人 弃 皇命 于 不顾 济世 者 运筹帷幄 决胜千里之外 
219,龙有 逆 鳞 我 林辰 的 女人 我林辰 的 兄弟 我林辰 的 亲人 天王老子 也 不能 动 你 算 什么 东西 后果 你 无法 想象 
220,天道 殊途 神医 圣手 一个 无为 少年 偶得 奇遇 成为 盖世 神医 本该 悬壶济世 却 卷入 一场 无尽 风波 
221,阴差阳错 秦齐 与 游戏 系统 一起 穿越 异界 在 异界 人人 凝练 武魂 而 秦齐 的 武魂 竟然 是 游戏 里 十个 逆 天大 BOSS 在 异界 别人 修炼 千辛万苦 而 秦齐 却 只要 杀人 刷怪 拿 经验 在 异界 炼丹 师是 万中 无 一 的 大 天才 而 秦齐 只 需要 学习 一下 生活 职业 嗯 还有 锻造 师御 灵师 阵法 师 厨师 唉 好烦 干脆 都 学 了 吧 在 异界且 看 秦齐 一路 狂飙 遇神 杀 神遇 佛杀 佛脚 踩 诸天 圣子 坐拥 绝世 美人 
222,有个 叫 小妈 的 女人 改变 了 我 的 一生 她 是 我 一切 的 启蒙 老师 
223,外 门 弟子 秦封 遭人 毒手 险些 命丧 荒野 却 被 一只 黑熊 救 下 醒来时 找 不到 熊 却 发现自己 牛 了 炼化 灵药 速度 逆天 几秒 搞定 武技 一看 就 会学 都 不用 学 感知力 比 妖 兽 还 妖 谁 都 算计 不了 就 连 一身 力气 也 是 大得 如神 魔鬼怪 唯一 的 遗憾 就是 不会 炼丹 不过 再 垃圾 的 丹药 只要 在 手里 捣鼓 捣鼓 就 能 让 神龙 低头 丹神 羞愧 落泪 走 风云 握 雷霆 剑 屠仙 神游 红尘 天地 莫可留 
224,张敬 穿越 了 穿越 到 一百多年 前 的 清朝 末年 军阀割据 的 时代 身处 乱世 身为 有志 青年 的 张敬 觉得 自己 应该 丢掉 道士 的 身份 不能 再 做 招摇撞骗 的 江湖 神棍 去 扬名立万 干 一番 大事 直到 他 遇见 了 僵尸 先生 中 的 九叔 妖魔鬼怪 僵尸 也 逐一 登场 得 了 我 还是 做个 道士 吧 普通 群 473528246VIP 群 764849585 订阅 书友 可 加 
225,在 姥姥家 待 了 一夜 第二天 一大早 她 惶恐 的 给 了 我 一本 笔记 
226,紫色 天机 现 绝世 神功 出 看着 天空 的 十个 大字 古风 神色 恍惚 却 突然 被 吸进 一个 巨大 的 漩涡 这 究竟 是 天才 的 陨落 还是 传说 的 继续 
227,读 大学 后 音讯全无 的 王博 五年 后 突然 回家 乡种 草药 更 兼得 神医 妙手 上 到 女 富豪 大 小姐 下 到 村里 的 寡妇 无不 手到病除 更带 得 一方 土地 成为 药材 基地 混 得 风生水 起 
228,卫戗 上辈子 生 的 艰辛 死 的 悲壮 重生 归来 后 她 幡然醒悟 这 一世 定 要 珍爱 生命 远离 渣 王本 以为 活 过 一回 事事 皆 在 掌握 中 但 实际 却是 处处 遭遇 意料 外 首先 是 那 渣 王拒 不 配合 搞 得 她 很 闹心 接着 又 惹 上 麻烦 一枚 三番两次 在 她 龃龉 前 路上 挖坑 下套 不过 是 酒后 无 状 一不小心 轻薄 了 他 至于 跟 她 这样 死 磕 呔 是 哪个 说 他 是 温润 如玉 的 谦谦君子 来 着 你 眼疾 很 严重 赶紧 攒钱 去治卫戗 望天 兴叹 中 某 男 卫将军 前方 有诈 呢 你 过 还是 不过 求首定 某 锥 无依无靠 贩字 为生 恳请 盗版 给 我 留条 生路 我 的 新 文存 稿 我 的 完结 现言 我 的 完 
229,白云 黄鹤 道 人家 一琴 一剑 一杯 茶 羽衣 常带 烟霞 色不染 人间 桃李 花常 世人 间 笑哈哈 周游 四海 你 为啥 苦终 受尽 修正 道 不染 人间 桃李 花山 不 在 高有 仙则 名水 不 在 深有 龙则 灵灵田 在手 仙草 我 有 修 修仙 种种 田 其乐无穷 ps : 本文 正统 仙侠 种田 文无 系统 有 节操 欢迎 品阅 
230,星空 之上 存有 一门 名 南天门 相传 谁 若 是 能 踏入 南天门 中 便 会 仙气 加身 南天 封仙 成为 那 永恒 的 仙人 练气 士 一生 追逐 南天门 欲 要 踏入 其中 南天 封仙 摆脱 造化 跳出 五行 永存 于 天地 之间 成为 仙 的 存在 南天星 一颗 充满 神秘色彩 的 小 星球 在 这里 有着 一名 孩童 怀着 执着 和 坚韧 拜入 到 了 一个 宗派 当中 开始 了 他 的 修炼 之 旅而 故事 也 将 从 这里 开始 
231,莫 长生 被 神秘 的 霞光 撑 爆元婴 重生 到 现代 都市 这 一世 莫 长生 拥有 南明 离火 丹器 双绝 这 一世 莫 长生 拥有 裂天剑典 锋芒 无敌 这 一世 莫 长生 拥有 炼体 神功 肉身 不灭 这 一世 莫 长生 誓要 问鼎 诸天 万界 逆天 长生 诸天 万界 缘何 而来 仙神 妖魔 谁 能长生 
232,在 凌云 洲 有 一个 这样 的 传说 当 天空 被 血染 红赤炼 之 戟 临世得 此戟者 必定 天下无双 一直 以来 人 妖魔 三界 为 神器 征战 不休 都 欲 占为己有 一统天下 而 寻得 旷世 神器 的 秘密 就 在 一位 少女 的 身上 在 她 身边 的 男人 是 真爱 还是 只 为 得到 那 旷世 神器 在 历经 种种 的 磨难 与 试炼 后 她 决定 揭开 自己 的 身世 之谜 掌控 自己 的 命运 
233,简单 粗暴 节操 全死 独一无二 的 逗 比 宠文麦 小米 觉得 自己 上辈子 一定 是 去 掘 了 人家 的 祖坟 所以 这辈子 命运 转折 才 会 如此 扑街 摔 下楼梯 就 穿越 一穿 变成 小 人参 身边 只有 一条 虫 某 女大呼 坑 爹 一不小心 怀 了 个 传说 中 的 宝物 被 俊美 无双 的 神界 至尊 捡 回家 麦 小米 兽血 沸腾 暗中 立志 从此 以 扑倒 高冷 师尊 为 己任 可是 这 情况 貌似 有点 不 对 啊 某 女 正 暗喜 计划 即将 得逞 某高 冷却 一个 翻身 将 她 压倒 这 等 粗活 还是 本尊来 吧 某女 回神 不 对 啊 不是 应该 我 扑倒 你 才 对 吗 咱先 把 话 说 清楚 诶 别别 你 别 乱来 我 只是 一颗 小 人参 你 这 
234,最强 皇 道 系统 圣人 做 三公 道祖 为 国师 怎么样 我 看行 什么 你 问 我 孙悟空 可以 当 什么 官 马马虎虎 做个 先锋 吧 系统 在手 天下 我 有 且 看 姬昊 如何 用 皇道 系统 征服 一个 不 一样 的 仙侠 世界 
235,天蛮 大陆 武道 昌盛 少年 苏逸 携万 妖逆袭 崛起 临驾 一个个 万年 世家 大族 之上 迎娶 白富 美 走上 异世 巅峰 朝向 太古 神 o 之位 激情 热血 红颜 腹黑扮 猪 吃 老虎 一个 都 不会 少禹枫 出品 速度 保证 小禹 微信 公众 平台 搜索 微信 公众 号 禹枫 本尊 可 添加 
236,一位 喜欢 自称 小仙 的 凡人 子弟 徐阳 资质 平凡 却 机缘巧合 加入 鬼道 大宗 天鬼宗 门下 修仙 地下 的 鬼 墓 森林 中 的 洞天 灵界 的 圣殿 东海 的 水晶宫 任它 天下 几 微尘 唯 我 逍遥 一小 仙 本书 qq 群 561315447 凉 水面 欢迎 各位 书迷 朋友 加入 
237,所谓 的 公理 道义 不如 一个 脸盆 大 的 拳头 所谓 的 规矩 不过 是 强者 用 手上 的 刀剑 划出 的 方圆 没有 特别 情况 依旧 坚持 万 更求 收藏 红票 订阅 书友 群 678727549 
238,邪尊 李宗久 想要 炼化 四大 至尊 龙魂 突破 自身 境界 却 不料 带 着 这 四大 龙魂 之力 重回 三千年 前 少年时期 前世 来不及 报 的 仇 这 一世 统统 提前 将 敌人 斩杀 来不及 装 的 逼 这 一世 统统 奉上 
239,月宫 投影 元气 复苏 不腐仙 尸六碑 仙诀 大华 国 数次 登月 之旅 元气 断绝 千年 之秘 繁华 现世 难逃 妖魔 作乱 天外 有 仙 终究 祸福 难知 意外 重回 天地 元气 归来 前夜 的 王升 再 不甘 上辈子 的 平庸 浑噩 拜师 改命 执剑 前行 自此 斩 妖邪 荡 魔 秽 百战 不折剑啸 星河 手中 之剑护 他 身畔 之 人 心中 之剑守 这 盛世 清明 本书 书友 群 191476831 进群 验证 主角 名已 完本 仙侠 类 作品 洪荒 二郎 传带 只 天使 去 修仙 请 放心 食用 
240,一个 外星人 不辞劳苦 的 来到 地球 帮助 地球 人民 扭转 文明 走向 发展 高端 大气 上档次 的 修仙 文明 产业 这是 什么 精神 这是 毫不利己 专门利人 的 宇宙 主义 白求恩 精神 不要 感激 我 我 不 叫 雷锋 我 是 司马 牧龙 我 为 众生 开 大道 
242,天地 六合 四海 八荒 五行 八卦 乾坤 无极 苍穹 宇宙 荒地 云海 符咒 阵法 太月 轮回 世间 本无魔 心生 魔 便 成 魔 一鸣动 天地 惊 
243,在 凡间 他 生逢 乱世 以 三头 毛驴 起家 依靠 无限小 兵 系统 打造出 最强 铁骑 横扫 四方 在 仙界 他收 小妖 降魔 兵 打造 了 出 了 举世无双 的 上古 妖 骑 成为 了 无双 霸主 他 不是 别人 正是 你们 谁 都 不 认识 的 主角 文昊 重要 的 事情 说 三遍 本 故事 纯属 yy  本 故事 纯属 yy 不合理 的 地方 希望 大家 不要 喷 作者 
244,本文 于 3 月 8 号 本周 三入 V 届时 掉落 万字 更新 希望 大家 支持 么 么 哒 听说 自己 穿书 了 听说 自己 有个 很 坑 的 系统 听说 原书 女主是 重生 的 听说 自己 和 原书 女主 抢 了 男人 谢瑾 瑜 表示 那 又 怎么样 反正 她 失忆 了 道 侣 特别 厉害 还 特别 宠 她 不服 来 打 她 啊 恋爱 为主 修仙 为辅 全程 一本正经 胡说八道 作者 智商 常年 不 在线 认真 你 就 输 了 
245,瑶池 初见 他 是 高高在上 的 长留 上 仙 而 她 偷偷 混入 变 作 小虫 趴在 树上 却 被 风吹 落于 他 的 酒盏 之中 不 小心 掉下来 了 吗 他 的 笑 淡然 而 又 慈悲 那 是 她 此生 唯一 一次 见到 却是 对 着 一条 小虫 一年 之约 拼 尽全力 只 为了 有 一天 能 叫 他 一声 ; quot ; 师父 ; quot ; 师父 你 为什么 收 我 为 徒 他 不语 只是 将 宫铃 赠予 她 轻抚 她 的 头 那 漫天 绯色 中白得 尘埃 不染 的 身影 每日 站 在 绝情 殿 的 露风 石上 俯瞰 天下 苍生 她 发誓 说 再也不会 让 他 寂寞 了 可是 绝情 殿 上 的 朝夕 相伴 默然 相守 终于 还是 走到 了 尽头 为了 救 他 她 犯下 弥天 大错 然而 
246,吾 乃 魔 祖罗 T 我要 和 鸿 钧道 祖 大战 了 虽然 表面 沉着 冷静 实则 内 心慌 得 一比 我 该 怎么办 会 不会 死 在线 等 急急 急 一样 的 洪荒 一样 的 人物 不 一样 的 剧情 我 的 洪荒 没有 遗憾 读者群 欢迎 加入 三千 魔 道 群聊 号码 1016136796 
247,世人 都 道 成仙 好 清心寡欲 受不了 餐风饮露 虽 出尘 哪有 鸡鱼 吃 的 饱 世人 都 道 成仙 好 娇妻 美妾 忘不了 枯坐 山间 活 万古 不如 春梦 里面 老 世人 都 道 成仙 好 激昂 义气 改不了 不 问世 事是 王八 快意 恩仇 才 逍遥 
248,一代 邪尊 殒命 重生 这 一世 与 我 为 敌之人 一个 不留 这 一世 与 我 争物 之 人 一个 不放 这 一世 我要 那天 随 我意 我 要 那 地 随 我心 阻 我者 杀无赦 
249,一个 在 异国 为质 的 皇子 被迫 修炼 神魔 图录 却 从中 悟出 无上 武道 从此 鱼跃龙门 最终 成为 无上 皇者 什么 是 神 什么 又 是 魔 不过 是 在 一念之间 所谓 中土 神洲 起风云 皇图 霸业 梦 一场 茫茫 天地 终有 道 仗 剑 独行 叩 天门 
250,常言道 皇帝 轮流 做 明年 到 我家 终 有 一天 我会 穿着 金甲 圣衣 脚踏 七彩 祥云 来到 天庭 凌霄殿 让 那玉帝 老儿 把 位子 让 出来 本书 专注 于 神话故事 更新 稳定 如狗 扣扣 群号 517088305 
251,一代 丹帝 重返 少年时代 这 一世 愿 美好 不负 
252,仙界 翘楚 大婚 穿越 复苏 地球 偶得 弃子 记忆 重新 开辟 丹田 识海 携逆天 手段 战 四海 八荒 重返 九天 仙山 复仇 踏 七彩 祥云 逆战九界 掌控 万界 乾坤 
253,求 大仙 收 小子 为徒 小子 愿 终身 侍奉 大仙 哦 你 是 何人 小子 鸿钧 
254,赵放 穿越 武界 觉醒 神武 至尊 系统 从此 开启 逆天 之路 打怪 就 能 提升 修为 增强 战力 完成 系统 任务 就 能 得到 绝顶 神功 系统 商城 之中 更 有 无数 天材 地宝 盖世 机缘 至强 血统 系统 在手 天下 我 有 女人 我要 最美 权力 我要 最大 身份 我要 最 尊贵 九天 十地 八荒 六合 我要 做 那 无与伦比 的 至高无上 
255,他 在 南方 某 村子 里 长大 他 从小 跟 姑姑 相依为命 他 出身 豪门 富贵 可 他 却 一无所知 他 相貌 平平 却 总是 桃花运 泛滥 他 自认 普通 平凡 却 背负着 强大 的 使命 他 叫 陈锦 前程似锦 的 锦 那 一年 他 踩 着 尸骨 和 野心 于 大风 大雨 中 悄然 崛起 ps : 本书 又名 陈锦 的 妖孽 人生 也 是 罪恶 之城 的 续集 
257,天荒 大陆 九大 至尊 之首 的 乾帝 云尘 被 红颜 和 挚友 背叛 在 对抗 域外 降临 的 绝世 邪魔 时身 死 道 消 四百年 后 他 重获 新生 重生 在 青月国 一个 破落 家族 的 少爷 身上 至尊 归来 没有 了 曾经 横压 天下 的 实力 没有 了 那口 天下第一 的 御 天神 刀 那 又 如何 我 有 一颗 无敌 之心 自可 破碎 苍穹 颠倒乾坤 
258,2018 免费 热书 百万 在读 唐僧 是 我 小弟 孙悟空 是 我 大哥 南海 观世音 与 我 有缘 就 连 菩提 老祖 都 想 算计 我 谁 敢动 我 仙帝 叶墨 重生 洪荒 战 天骄 夺 造化 成就 无上 金身 逐渐 揭开 身世 之谜 群 33093896 
259,段 嫣 从未 想过 两世为人 有朝一日 还会 为 我 是 男 是 女 头疼 纠结 面对 裤子 里 新 多出 的 那块 肉 摸摸 脖颈 上 硬邦邦的 喉结 真的 好 想 死 漫漫 修仙 路 一朝 女变男 我要 如何 重回 女儿身 什么 妹子 你 要 和 我 双修 不约 不约 我 可是 妹子 唔 那个 帅哥 待 我 修回 女儿身 娶 我 可好 原名 双修 系统 瘫痪 中 
260,地球 突变 整座 城 人间蒸发 苏逸 与 全城 人 诡异 的 来到 异 世界 这里 妖魔 横行 王朝 争霸 没有 现代文明 的 和平 只有 弱肉强食 好 在 他 的 手机 也 跟着 产生 异变 神魔 妖佛 仙 等 全都 被 他拉入 手机 中为 他 所用 万 妖 我 为 帝万神 我 为主 
261,遇到 这么 好 的 书 不 进来 看看 别人 打着灯笼 都 遇不到 的 好事 你 确定 要 错过 么 
262,2018 仙侠 流派 征文 第一 弹 强者 重生 流 参赛 作品 仙界 仙君 第一 战神 重生 地球 降临到 一个 纨绔 高三 学生 身上 灵气 匮乏 又 如何 我 有 宝物 能 修仙 会修 真 懂 阵法 能 炼丹 开启 学霸 模式 游走 地球 各界 探索 上古 遗迹 因缘际会 识朋 结党 且 看 江小凡 如何 凭借 前世 记忆 扼杀 各方 天才 夺取 天地 造化 重返 仙界 帝尊 
264,大唐 长安 报 什么 事 大人 房 公子 杜 公子 又 和 程家 三位 公子 开战 了 唉 这次 是因为 什么 事 听说 听说 是因为 陆雪琪 和 碧瑶 谁 应该 是 女主 的 问题 天庭 报 何事 陛下 女娲 娘娘 把 蜀山 给 毁 了 玉帝 一脸 诧异 道 为什么 千里眼 顺风耳 对视 一眼 道 因为 她 对 蜀山 囚禁 灵儿 一事 不满 玉帝 淡然 道 毁 的 好 西游 路上 孙悟空 苦笑 道 我 真的 不 认识 紫霞 其余 三人加 一只 马给 孙悟空 一个 你 逗我 的 表情 不久 之后 唐僧 跳脚 道 污蔑 污蔑 岳 美艳 是 谁 我 根本 不 认识 QQ 群 : 748092562 
265,国之 重器 载誉 而 归 却 发现 家破人亡 
266,叶 无缺 本来 天资 绝世 惊才绝艳 但 为了 身世 之谜 甘愿 寂灭 装 成 废物 凝练 斗战 圣法 本源 整整 十年 如今 十年 期满 真龙 归来 一条 碾压 无数 奇才 鬼才 打爆 各种 王体 神体生 撕 诸天 神话 令万界 颤抖 的 无敌 之 路 至此 展开 你 说 你 资质 无敌 悟性 逆天 血脉 高贵 抱歉 那要 分 和 谁 比 和 我 比 你 会 哭 的 战神 崛起 一路 狂飙 
267,自幼 绝世 天才 却 偶得 神秘 灵珠 得 神秘 凡级 功法 自甘 成为 废物 隐忍 七年 再现 绝世 天赋 横扫 八荒 世间 所谓 的 天才 只能 仰望 他 的 背影 所谓 的 太古 灵族 只 配给 他 提鞋 目之所及 谁 敢 不 跪 这 是 一个 玄气 的 浩瀚 世界 武道 境界 神脉 境元丹 境地 元境 天元 境无相境 法相 境武 尊境 武 圣境 武祖境 道 帝境 
268,天地 鸿蒙 宇宙 初开 诞生 第一批 神魔 以及 三千 圣灵 人族 从来不 是 天之骄子 从来不 是 食物链 的 最 顶端 面对 神族 魔族 以及 大 千万 族 白夜 一名 普通 的 人族 踩踏 在 鲜血 之上 行走 在 尸体 之 旁 引领 人族 最终 站立 在 宇宙 之巅 挡 我 道 者 无论 神魔 人妖 亦 或是 万族 
269,一名 修 真人 渡劫 失败 却 没有 魂飞魄散 转世 却 进入 凡人 界 拥有 着 前世 记忆 进入 了 青龙 大陆 四大 世家 之一 的 张氏世 家 成为 了 张 三 公子 却 被 世家 为了 世家 的 利益 逐出 家门 此时 他 仅仅 六岁 他 立志 要 创造 自己 的 传说 来 证明 自己 也 开始 了 属于 他 张星峰 的 传说 星峰 传说 
270,世界 上 最 痛苦 的 事情 不是 生与死 而是 被 同一个 女人 折磨 十年 古武 隐世 门派 逍遥 门下 唯一 男 弟子 陈笑 因为 忍受 不了 每 一年 都 被 大 师姐 虐待 留书 一封 偷偷 跑 路 机缘巧合 之下 救 了 美女 姐妹花 自此 一路 桃花 朵朵开 清纯 校花 刁蛮 小姐 火辣 师姐 美女 总裁 俏皮 护士 只要 是 美女 统统 往 这 看 过来 ps 老人 新书 创作 字数 400 万 以上 请 放心 入坑 
271,一剑 山河 动 一剑 抚 太平 无上 剑 尊叶天 重生 而 归 横剑 万族立 剑 诸界 九州 万里 剑 为 尊 
272,夜里 的 QQ 匿名 消息 引来 一段 离奇 的 孽 缘  泄 公子 第一次 写 灵异 且 是 气泡 小说 大家 书荒 时 看看 偶尔 我会 更新 但 并非 每天 更 
273,一 尘土 覆 万千 骨 一粒 沙记 万 千古 亘古 匆匆 茕 茕 于 世 谁知 寂愁 浩世 苍茫 乾坤 逆乱 圣人 皆 死 独剩 一人 走 那 无尽 路 
274,古灵精怪 的 黄蓉 飘忽 若仙 的 小龙女 心狠手辣 的 李莫愁 梳着 两条 大 辫子 的 孙小红 天真 淳朴 的 石绣云 一个个 耳熟 能祥 的 人 闯进 了 云宇 的 世界 而 造成 这 一切 的 原因 只 因 他 得到 了 一个 名为 宇宙 晶体 的 东西 
275,与 家斗 与 宅斗 泼妇 无赖 招数 耍 尽 与 仙斗 与 天斗 炼器 炼药 尽显 仙姿 奈何 孤女 本 浮萍 身陷 豪门 生死 两 茫茫 且 看 本土 重生 女为 改变命运 战 一切 牛鬼蛇神 斗 一切 鬼魅 魍魉 修无上 仙道 尽显 仙姿 月华 妆淡 无尘 青裙 烟影 仙姿 飘逸 绰约 在 湖中 醉魂愁 梦 月华 转影度 秋风 碧树青 凋尽 
276,一代 仙 尊重 生 回到 五百年 前 的 少年 之 时 能否 重临 九霄 书写 传奇 这 一世 我要 把 失去 的 全部 夺回 来犯 我者 杀 
277,修仙 路 荆棘 布 鲜血 与 尸体 浇筑 裹 道 阴谋 伴 神通 暗透 杀机 何谓 正邪 不过 张 伪善 面具 可笑 遮羞布 乱世 成败 唯有 比奸者 奸恶 者 恶 世人 视 我 魔头 又 如何 天地间 有 何人 可以 算计 我 背负 血海深仇 的 少年 手持 三尺 长剑 杀出 一条 赤裸裸 的 血色 狰狞 修仙 路 
278,灵根 有 被 人夺 了 神兽 有 只 剩下 魂 了 空间 有 没山 没水 只能 装鬼 穿 成仙 一代 挂 了 的 仙 二代 林千蓝 一路 披荆斩棘 仙心 不改 nnnnnnnn 只 剩下 魂 的 腾二货 又 出来 作 死 什么 披荆斩棘 披头散发 还 差不多 哈哈 嗷 呜呜 老大 就 会 欺负 蛇 
279,兄弟 与 爱妻 夺 我 帝统 命数 不 绝 重活 一世 这 一世 必伏 尸 百万 踏 万丈深渊 破 电闪雷鸣 一剑 穿 苍穹 弑神 杀 魔 夺回 一切 新书 发表 离不开 大家 的 支持 离不开 大家 的 推荐 收藏 你们 的 认可 是 我 写 书 的 动力 
280,紫星 神体 降临 天下 唯我独尊 正式 发 书 日期 九月初 具体 待定 还 未 签约 请勿 打赏 打赏 请 前往 缥缈 仙路 
281,盖世 神尊 林浩为 寻无上 大道 重生 地球 以 无敌 态势 横压 一切 强者 我 有 前世 逆天 传承 对尔何 足惧 哉 会 隐身 通 医道 大 神通 信手拈来 什么 外国 拳王 杀手 什么 狙击枪 飞弹 什么 生物 兵 怪物 在 我 眼里 都 是 垃圾 通通 灭掉 一个 不 一样 的 强者 之 路 就此 开启 
282,前世 潦倒 的 王 超重 生到 自己 高三 那年 并 意外获得 了 透视 异能 从此 开启 了 自己 的 开挂 人生 美女 金钱 
283,修真界 臭名远扬 的 重 口味 猥琐 女修 陶萝 脑袋 进水 了 堂堂 散修 高手 居然 毫无 节操 的 舔 跪 丹阳 门 那 群弱 鸡 九死一生 夺来 的 宝贝 全都 拱手 送 出 简直 是 散修 界 的 耻辱 面对 道友 们 的 白眼 陶萝 默默 吞下 一把 辛酸泪 她 只是 想 请 丹阳 门 的 清琅道 君 帮忙 炼制 一枚 圣品 清味丹 治疗 困扰 自己 多年 的 口臭 顽疾 怎么 感觉 比登 天 还 难 苍天 有 爱 无数 宝贝 轰炸 下 传说 中 冷漠 绝情 的 清琅道 君 终于 有 了 一丝 软化 的 迹象 陶萝 窃喜 以为 自己 很快 就 能 告别 口臭 变身 小 清新 了 什么 道君 他 居然 迷恋 上 了 自己 口中 的 味道 入文 将 于 周日 入 V 入 各位 小天使 们 支持 正版 
284,我 叫 周封 我 是 最强 的 女生 寝室 门卫 我 是 苏杭 大学 最牛 的 学生 我 也 曾 是 华夏 最强 天将 我会 武功 会 医术 会 炼丹 会 调酒 有 很多 人 喜欢 我 美女 校长 喜欢 我大 小姐 喜欢 我校 花 喜欢 我 最 重要 的 是 千万 不要 惹 我 
285,一个 绝世 侠盗 一个 废物 杂役 一份 绝世 传承 当 这 一切 融为一体 时 所有 一切 终将 成为 过去 废物 杂役 要 踏上 强者 之 路 绝世 侠盗 要 盗 尽异界 至宝 绝世 传承 要 铸就 绝世 强者 战 妖魔 踏 苍穹 与 天道 争峰 与 苍穹 并肩 
286,粉丝 群 343333654 出租车 司机 何义 飞 在 拉 乘客 的 时候 意外 的 碰见 自己 的 初恋女友 周舟 在 她 面前 吹嘘 自己 是 如何 过得 好 的 时候 却 被 周舟 一眼 识破 支付 车费 的 时候 好心 多 给 他 两百元 钱 却 成 了 伤害 何义 飞 自尊心 的 行为 看着 现如今 两个 人 巨大 的 身份 差距 让 自尊心 一向 好强 的 何义 飞 决定 要 努力奋斗 活 出 男人 该 有 的 样子 他 的 人生 格言 一直 都 是 我 要 很多 钱 跟 很多 女 不 很多 钱 跟 周舟 一个 女人 男人 最怕 的 就是 在 一无所有 的 年纪 却 遇到 了 想 保护 一生 的 女人 请 给 我 一些 时间 我 一定 会活 出 你 想要 的 样子 那时 我 刚好 成熟 你 刚好 温柔 我 便 给 你 一场 最 粗俗 
287,以 求真务实 的 修炼 观 吊打 一切 邪魔外道 改造 世界 建立 那 心目 中 的 理想国 主角 原野 表示 一切 问题 归根到底 就是 输出 不够 的 问题 而 输出 不够 只是 因为 飞剑 不够 多 以及 核爆 飞剑 的 当量 不够 大 一发 飞剑 解决不了 的 问题 就 用 两发 东风 剑阵 使命 必达 新书 大 文学家 已经 上传 可 移步 一观 
288,仲夏 之 月 天子 以 含桃 先荐 寝庙 礼记 月令 辰子戚 的 理想 是 当个 开 养鸡场 的 大侠 将来 出门 仗 剑 走 天涯 回家 烧鸡 诗酒 茶 大侠 当不成 也 就 罢了 皇帝 老爹 还要 拿 他 祭祀 神明 不过 这个 神明 好像 哪里 不太对 神明 啾 酷炫装 逼 幼鸟 攻 Ｘ 睚眦必报 小心眼 大 忽悠 受 封面 画手 太白 菌 封面设计 酥 可 推荐 代小甜文 婚约 男人 和 男孩儿 的 婚后 日常 基友 的 古 耽 
289,仙尊 叶玄 回归 都市 本想 闭门 修炼 却 被 各方 大佬 顶礼膜拜 跪求 出山 人生在世 真是 想 低调 都 难 这 一天 烈日当空 十几名 世界级 巨擘 跪地求饶 发誓 不再 招惹 叶玄 却 步履 向前 淡漠 地 碾碎 一切 第一 在 这个 世界 我 就是 天 第二 我 不 需要 蝼蚁 的 誓言 所以 你们 可以 忤逆 我 只是 当 我 路过 会 不 小心 将 你们 踩 碎 仅此而已 
290,三千年 前 末世 降临 三教 圣人 不 显 武圣 陨落 日月无光 陆沉 握剑以 身化 道 三千年 后 少年 自 北方 大山 出世 轮回 一世 天上 仙人 地下 鬼祟 尽 皆 一剑 斩 之 PS 书友 群 657998019 想加 的 朋友 加进来 没事 可以 聊聊天 
291,2017 年度 爽文楚 风 重生 了 可 让 他 想不到 的 是 他 居然 重 生成 了 一只 兔子 还是 广寒仙子 的 玉兔 于是 仙子 王母 让 玉兔 今晚 去 侍寝 不行 玉兔 今晚 是 我 的 谁 都 不准 抢 
292,我 是 一个 鸭子 从 鸭子 入赘 到 豪门 成为 一个 倒插门 的 赘婿 鸭子 也好 赘婿 也罢 外人 看来 都 是 吃软饭 的 但 老子 不是 吃软饭 的 
293,更新 时间 每天 下午 20 点 保底 两 更 齐发 如 有加 更 同一时间 更新 加 更 的话 一个 守护 加 更 一章 普通 版登 仙境 大 修士 魂 穿 千古 回到 高中时代 这是 一个 装逼 打脸 弥补 遗憾 扮猪 吃 老虎 的 故事 劲 爆版 一 觉醒 来 许飞 竟然 发现自己 的 未婚妻 在 别人 的 车里 做 这种 事情 
294,自大 灾变 后 仙界 彻底 崩塌 修炼 体系 重新 建立 在 无名 荒岛 上 的 少年 意外 得到 荒古 时期 最强 传承 自此 走向世界 的 舞台 将 所有 的 规矩 和 秩序 踩 在 脚下 世界 在 暴 走向 左是 黑暗 的 深渊 向 右 是 吃 人 的 地狱 他 是 救世 的 主宰 他 也 是 灭世 的 暴君 
295,新死 描眉 施黛久亡 画皮 雕骨 身边 的 人 未必 是 人 久闻 的 故事 也 未必 只是 故事 
296,穿越 成 了 修真 小说 里 的 第一 女配 白 紫苏 表示 心 有点累 看着 人家 女主 的 强大 金手指 出门 捡 个 萌宠 麒麟 一 抬手 就 救 了 个 忠犬 男配 几句话 就 抓住 了 男主 的 心 看个 画儿 都 有人 哭 着 喊 着 要 收 她 为 徒 再 反观 自己 麒麟 也 有 可惜 是 个人 妖 脸忠犬 也 有 可惜 弄错 了 主子 未婚夫 也 有 可惜 是 个 病娇 师父 也 有 可是 比 她 还有 女人 味儿 这个 日子 没法 过 了 摔 
297,顺为 凡逆则 仙 只 在 心中 一念间 请 看 耳根 作品 仙逆 
298,看 你 干 的 好事 这小庙 要 容不下 你 了 吧 你 可 真是 个 天才 天才少年 白骁 的 千里 寻亲 记 
299,2016 火爆 免费 新书 年轻人 当年 我 开始 装逼 的 时候 你们 还 只是 一滴 液体 仙子 随在 下 走 一趟 保证 带 你 装 逼 带 你 飞带 你 一起 嘿嘿嘿 身披 狂徒 铠甲 肩 扛 日炎 斗篷 左手 无尽 之刃 右手 诛仙 神剑 横扫 修仙 界 无敌手 就 问 一声 还有 谁 装 逼 如 风常伴 吾 身长 路 漫漫 装逼 相伴 徐缺 踏上 了 一条 装逼之路 每天 不是 在 装 逼 就是 在 去 装 逼 的 路上 书友 群 575088701 
301,剑冢 者 万剑 之 坟墓 也 剑冢 所至 万剑 慑服 顺者 生 
302,2017 最火 仙侠 云霄 大陆 大巫 感悟 天地 法力无边 恶魔 魔化 生灵 吞天噬 地 圣人 行走 人间 只手 摘 星辰 神灵 俯视 万物 滴泪 化 洞天 
303,开局 一座 山寨 两个 人口 军师 马夫 将要 打造 最强 山寨 他 穿越 到 乱世 拥有 一座 马上 要 散伙 的 山寨 面对 这 杀戮 乱世 是 打算 抢钱 抢粮 抢 婆娘 做 一个 逍遥 山大王 还是 泼出 这 身 男儿 血 交锋 世上 英雄 搏 一个名 震 古今 问 一声 王侯将相 宁 有种乎 
304,这是 一个打 怪 升级 仙侠 文韩 绮 偶然 得到 了 一面镜子 镜子 那头 是 一 万年前 的 世界 于是 韩 绮 通过 那 镜子 认识 了 师门 所 供奉 的 远古 真神 最大 的 问题 是 那位 真神 那会儿 还是 个 好奇 宝宝 天真无邪 正直 好 少年 日入 V 当天 三 更 一句 话 文案 女主带 着 还是 个 好奇 宝宝 的 大神 徒手 撕 妖怪 的 故事 是 的 徒手 : 
305,平生 不 修善 果 最 爱 杀人放火 我 从 凡间 来 普通 群 546435549 书友 群 556919537 需全订 验证 
307,我 若 执魔 天地 无仙 我 若 执 天天 地无魔 这 是 一个 起 始于 雨 之 仙界 的 故事 一个 我命 如蝶 斩 轮回 的 世界 回首 凡尘 如烟 一笑 淡 了 明月 只为 她 横行 雨界 天道 三环 修道 三步 虚真二字 贯穿 始末 第一步 修真七境 辟脉 融灵 金丹元婴 化神炼 虚碎 虚 ; ; ; lt ; p ; ; ; gt ; 各位 书友 要是 觉得 执魔 还 不错 的话 请 不要 忘记 向 您 QQ 群和微 博里 的 朋友 推荐 哦 ; ; ; lt ; p ; ; ; gt ; 
308,穿 回 明朝 做 道士 窥无上 造化 修大 神通 诛 邪 降魔 清 一片 天地 无瑕 不奉 神诏法 随心 至 不 沾 七 丑术 起 雷动 一元 聚灵 供吾驱 八九 玄天 紫云 临三 清正 刑送 穷泉 日月星辰 拜帝庭 踏 一条 寻仙 问道 的 通天 之途 
309,联盟 历 666 年 挖掘 到 一个 已近 残破 的 服务器 多年 苦心 破解 得悉 远古 时期 人类 是 宇宙 中 最强 的 生物 可 飞天 遁 地 排山倒海 更 可 强化 自身 肉身 横渡 宇宙 虽 修炼 之 法 尽失 然 凭借 人类 得天独厚 的 创造性 和 不懈 的 努力 竟然 也 重新 摸索 出 了 许多 修炼 之 法 联盟 走上 全民 进化 之路 武炼 修真 魔法 科技 百家争鸣 尽复 远古 时期 旧观 此时 一个 远古 前 的 灵魂 意外 的 与 现世 的 少年 融合 然后 真相 揭开 
310,一千年 前 苍穹 剑宗 屹立 北斗星 域 威震八方 剑神 秦铭 已 站 在 武道 之 巅 却 在 带领 十万 修士 征战 遗落 星河 之时 被 挚爱 之 人 算计 遭遇 星辰 风暴 十万 修士 皆 亡 秦铭 下落 无踪 苍穹 剑宗 从此 崩碎于 天地间 一千年 后大秦 帝国 一名 少年 睁开 双眸 势要 血染 星辰 剑灭 昔日 红颜 
311,这个 世界 上 存在 着 许多 普通人 看不到 的 东西 而 一本 名为 阴阳 秘闻 的 奇书 记录 世间 一切 邪魔 奇人 异事 我 的 离奇 故事 在 我 出世 时 便 埋 下 了 伏笔 PS 感谢 所有 来到 酷匠 的 朋友 酷匠 的 登录 很 方便 贴 吧 账号 微薄 账号 QQ号 都 可以 登录 还 请 大家 务必 登录 之后 点 一下 右上角 的 追书 和 封面 下方 的 撸 撸 让 我 知道 多少 朋友 来到 这里 这 也 是 我 最大 的 动力 
312,冰冷 与 黑暗 并存 的 宇宙 深处 九具 庞大 的 龙 尸拉着 一口 青铜 古棺 亘古 长存 这是 太空 探测器 在 枯寂 的 宇宙 中 捕捉到 的 一幅 极其 震撼 的 画面 九龙 拉 棺 究竟 是 回到 了 上古 还是 来到 了 星空 的 彼岸 一个 浩大 的 仙侠 世界 光怪陆离 神秘 无尽 热血 似 火山 沸腾 激情 若 瀚海 汹涌 欲望 如 深渊 无止境 登天 路 踏歌 行 弹指 遮天 
313,无敌 要 怎样 才 不 寂寞 醒 掌 天下 权 醉卧 美人 膝 快 到 书 中来 感受 这种 无以伦比 的 快感 吧 你 能 玩游戏 玩到 坐享 齐人之福 么 你 能 玩游戏 玩 到 天下归心 么 你 能 玩游戏 玩 到 冲出 地球 走向 宇宙 么 你 能剧 透遭 雷劈 就 到 这 吧 
314,一本 武学秘 籍 残卷 导致 隐秘 山林 的 村庄 一夜之间 被 昆仑 派 屠戮 一空 少年 逃亡 途中 为 杏林 人士 所救 学艺 有 成 之后 毅然 下山 踏上 寻亲 之路 誓 要 报 这 血海深仇 奈何 昆仑 势 大唐 门 式微 外公 不愿 协助 自己 走上 复仇 之 路 少年 毅然 投身 官场 识 岳飞 结 世宗 共济 抗金 大业 造化 无常 世事 弄 人 岳飞 被害 少年 因 劫狱 被 污 谋反 丧失 爱人 从此 之后 少年 便 孤身一人 遁入 江湖 踏上 覆灭 昆仑 的 道路 上 至 朝廷 庙宇 下 至 江湖 草莽 终将 因为 他 风云 再起 无论 对错 不管 是否 单凭 一剑 斩破 哪怕 前路 有 再 多 的 险阻 唯有 一剑 足以 
315,九玄仙 尊林 亦 在 渡劫 飞升 之 时 不幸遭遇 传说 中龙 的 袭击 殒命 天门 台 从而 回到 了 自己 的 少年 时候  同时 发现 左手 位置 被 封印 了 一条龙 从此 林亦以 一种 绝强 的 姿态 屹立 于 新 的 世界 中 拳打 恶霸 老 流氓 脚踢 阔少 败家 郎 于是 一场 别开生面 的 强者 崛起 路 正式 开启 书友 群 159096480ps 非 种马 文 
316,他 失踪 七年 身负 使命 携 惊天 本领 荣耀 归来 势要 用 一腔热血 和 一双 铁拳 执掌 命运 杀轮 搅动 八方 风云 
317,俏丽 小仙 自幼 养在 深山中 仙 尘俗 世 她 全然不知 一边 修仙 一边 做饭 逍遥 日子 过得 很 是 舒心 修仙 暂缓 看淡 红尘 的 排歌 就此 放下 上神 的 身段 在 仙 山脚下 开起 天界 第一家 饭馆 众人 啼笑 神仙 自古 不食 人间烟火 你 开个 饭馆 岂 不是 多此一举 她 不语 左手 蔬菜 右手 牛丸 四喜 乾坤 丸子 神 水 天火 炖牛肉 桃花 甜点 荷花 羹 纷纷 出锅 人间 美食 上 到 天界 可 馋 了 四海 八荒 众神 的 嘴 好巧 不巧 还 引来 的 天界 的 二 殿下 州慢 无奈 摊 手本 君为 你 复仇 护 你 周全 上神 你 不知 感恩 的 这样 不好 她 假装 听不懂 别以为 你 这样 本上 神 就 会 对 你 俯首 称 
318,阎浮 世界 数千年 灭 一颗 龙星 每次 都 有 一个 绝代 强者 应兆 并 掀起 滔天 大 劫 数千年 前 最强 神剑仙 白空雪 横空出世 屠 八部 天龙 百万 众 粉碎 整个 西 仙界 阎浮 天翻地覆 数千年 后 又 有 一颗 龙星 幻灭 降到 了 神州大地 十八年 后燕 龙屠名动 十方 PS : 新书 上传 急需 各位 推荐 收藏 
319,铸剑 大师 凌天 铸剑 五万 把 功成 一刻 魂 穿 异世 附身 卑贱 剑 奴之身 凝成 万剑 之体 身怀 绝世 火种 觉醒 最强 武魂 强势 崛起 一路 逆袭 坐 拥众 美 傲视 九天 会 炼器 能 炼丹 懂 音律 会 做菜 麻麻 说 出来 混 必须 啥 都 会 
321,红尘 束仙 长留 骨 一人得道 万古 枯群 133638588 
322,一个 任务 一件 密宝 开启 了 一代 兵王 的 花都 之旅 冷艳 绝 美的 校花 风姿 卓越 的 老师 活泼可爱 的 学妹 高挑 性感 的 总裁 她们 的 命运 都 在 跟 兵王 相遇 后 发生 了 改变 爷爷 留下 的 任务 背后 究竟 隐藏 着 何种 玄机 兵王 又 将 在 美女 环绕 的 艳丽 都市 中 展开 一段 怎样 的 生活 是 热血 的 青春 还是 没羞没臊 的 激情 亦 或是 两者 并存 
323,所谓 修者 便是 修行 的 人 每个 人 都 在 修行 每 一个 人 都 是 修者 所谓 的 人生 只不过 是 知悔 不愿悔 此生 难 为生 所谓 囚 便是 心中 的 牢笼 
324,神魔 大陆 外族 入侵 九天 破碎 神剑 受创 坠落 人间 遇 有缘人 重掌 神剑 展 雄才伟略 立 九霄 之上 斩妖 除魔 捍卫 家园 
325,雇佣兵 世界 的 王者 因 躲避 仇家 追杀 返回 家乡 意外 和 美女 总裁 签订 结婚 协议 凭借 自身 能力 他 为 美女 化解 一次 又 一次 的 危机 无论 商场 情场 还是 战场 他 刘芒 永远 是 最强 王者 永远 用 双手 书写 着 自己 的 传奇 
326,一场 车祸 我 从 一个 无所不能 的 富 二代 变成 了 一个 摇尾乞怜 的 可怜虫 直到 遇到 了 她 
327,华山 掌门 弟子 周清玄 在 一次 例行 巡查 后带 回来 一个 婴儿 这个 婴儿 对 华山 的 未来 会 产生 怎样 的 影响 呢 而 这 一年 距离 华山 剑气 两宗 最后 一次 玉女峰 斗剑 还有 三十年 
328,普通 版当 一个 科研人员 穿越 到 借 科学 方法 探求 天地 的 世界 王崎 我们 的 口号 是 学好 数理化 修仙 问道 都 不怕 CCTV10 版 天演 图录 为何 与 进化论 有关 飘渺 无定 云剑 和 概率 云 又 有何 关系 修真 人士 如何 建造 修真 原子弹 量子力学 怎样 在 修真 中 得到 体现 万年前 的 绝世 强者 今天 的 戒指 老爷爷 为何 被 评价 为 误人子弟 没用 量子 尊师 薄耳 不准 道人 海森宝 太 一 天尊 艾慈 昙 又 与 大 科学家 波尔 海森堡 爱因斯坦 究竟 有何 联系 让 我们 跟随 主持人 哦 不 主角 王崎 一起 进入 今天 的 走进 修仙 探索 科学 修仙 的 秘密 
329,一个 废物 大学毕业 的 学生 在 落魄 的 时候 获得 了 残缺 的 神格 碎片 直接 不用 修炼 渡劫 成 了 无敌 神王 于是 出现 了 自动 变 口味 的 水果 神酒 不用 汽油 的 车 偶尔 帮别人 破破 邪 抓 抓 鬼 去 去 地府 送 别人 投下胎 一步步 成为 万人 敬仰 的 存在 直到 宇宙 黑洞 的 出现 探索 宇宙 的 神秘 当然 还 可以 偷窥 彪悍 美丽 的 房东 美女 顺便来 点 风花雪月 故事 从 这里 开始 无敌 爽文 热血 嚣张 文完本 240 万字 全能 五行 系统 不 太监 更新 稳定 
330,这里 是 一个 仙力 主宰 的 世界 科技 文明 只能 作为 辅助 一个 不 一样 的 地球 曾经 的 四大 古都 在 这里 被 列为 禁地 古老 的 城池 漂浮 在 空中 无人 敢 靠近 那些 在 曾经 的 地球 上 的 名胜古迹 全都 笼罩 上 了 神话 的 色彩 这里 是 平行 时空 还是 古老 的 神话 世界 姜灵空 被迫 崛起 于 这样 一个 神话 世界 一剑 在手 断 宿命 斩 神话 一人当 镇压 星河 完本 作品 万古 独尊 大圣 道 读者 兄弟 群 377252282 新书 还 在 和 编辑 商议 中 两个 想法 不 知道 写 哪本 过 几天 上传 新书 信息 
331,惨遭 所有人 背叛 没想到 一纸 婚约 将 她 宠 上天 想要 什么 买买 买 不够 就 垄断 一个 牌子 再 不够 就 垄断 整个 行业 她 虐渣 渣 他 就 派 人 陪 她 一起 虐十人 不够 来百人 百人 不够 叫千人 场子 砸 了 有 他 收拾 天塌 了 有 他 撑 着 身体 不 舒服 却 坚持 上班 高冷 总裁 强制 全 公司 一起 放假 在家 煲汤 陪床 不离 不弃 你 为什么 对 我 这么 好 对 自己 的 老婆 好 天经地义 
332,山村 少年 学艺 归来 道术 盖世 医术 无双 却 被 爷爷 强行 勒令 帮助 美女 村官 带领 村民 发家致富 奈何 美女 村官 性格 霸道 刁蛮 只能 任由 美女 摆布 不但 要求 陪吃陪喝 还 被 要求 陪 睡 对此 某人 只能 悲愤 的 喊一声 这 日子 没法 过 了 
333,与 火神 祝融 火种 融合 掌控 世间 火焰 丹师 厉害 靠 的 是 什么 掌控 火焰 炼丹 谁 掌控 火焰 能 有 咱强 帝都 争雄 扶持 父亲 崛起 让 天下 没有 任何 纨绔 敢 在 我 面前 嚣张 放肆 因为 我 是 掌控 帝火 的 一代 丹王 
334,刘诗 诗 陈伟霆 主演 古装 大剧 醉 玲珑 原著 小说 7 月 13 日 登陆 东方 卫视 一个 帝王 的 驾崩 之谜 一脉 皇族 的 混乱 血统 一件 巫族 的 上古 之宝 江湖 与 庙堂 的 纷争 情孽 与 恩怨 的 纠缠 玲珑 九转 风云变幻 为何 会 将 一个 相隔 千万年 的 现代 女子 卷入 其中 你 谁 都 不是 你 只是 我 的 女人 在 他 凝视 的 目光 中 她 像是 坠入 百世 千生 宿命 的 轮回 一步步 沦陷 如果 她 是 为 他 来 这 一世 那么 他 这 一世 便是 为了 等 她 千年 相逢 回眸 相知 人世间 至高无上 的 权力 之路 她 与 他 执手 前行 踏 一路 铁血 烽烟 指点 如画 江山 浩瀚 天地 无尽 岁月 当 此生 登临 绝顶 他 与 
335,没有 你 的 世界 没有 你 的 记忆 纵使 百转 轮回 纵使 跳出 六道 我 也 是 孤独 的 程默 寻找 你 的 记忆 寻找 你 的 存在 哪怕 寻遍 整个 世界 我 也 会 回到 你 的 身边 程默 其实 我 一直 都 在 你 的 身边 虽然 你 看不到 我 我 想 你 能够 感受 我 对 你 的 爱囡 囡 世间 那么 大 生命 那么 短 虽然 明 知道 你 不 在 可 我 的 生命 中 一直 有 你 宁静 二十年 前 你 那 般的 决绝 不告而别 的 离去 忘记 了 当年 的 诺言 可 我 却 等 了 你 二十年 二十年 后 你 回来 了 可 我 却 老 了 是 谁 说 过会 陪 我 一起 高中 大学 的 万芳 我 的 生命 因 你 而 美丽 因为 你 的 出现 我 感受 到 人间 还会 有 
336,一个 来自 现代 的 灵魂 来到 了 风雨飘摇 的 崇祯 六年 ． 
337,他 竟然 得到 了 一个 超强 的 外卖 系统 可以 穿越 到 任何 时代 在 这些 世界 里 他 见到 了 四大美女 见到 了 那些 传奇 的 风云人物 在 所有人 的 眼中 他 就是 神是 一个集 万家 能力 于 一身 永不 可 超越 的 神 这里 有 古装 美女 有 现代 美女 有 各种 他 从未 想过 的 女人 和 权势 
338,新死 描眉 施黛久亡 画皮 雕骨 身边 的 人 未必 是 人 久闻 的 故事 也 未必 只是 故事 
339,简单 的 说 这 是 一个 贱人 和 魔王 混 搭 的 故事 魔王 全心全意 呕心沥血 努力 培养 贱人 成长 为 一大 杀人放火 大 魔王 结果 他 发现 这货 似乎 跑 偏 了 不过 似乎 想 杀 他们 的 英雄 更 多 了 江离 一个 人 面对 天下 无数 英雄 蹲 在 地上 抽着 烟道 我 就 喜欢 看 你们 很 生气 又 打 不过 我 的 样子 人群 愤怒 江离 对 着 天上 打 了 一拳 从此 世间 无 满月 
340,这个 世界 有神 有鬼 有 大儒 才气 冲霄 有 修士 纵横天下 一个 普通人 携带 道 门 弘扬 系统 降临 此界立 道庭 封地 祗 扬 天地 正气 
341,异界 有 三千 大道 十万 中道 百万 小道 李运 的 梦想 是 悟道 成仙 笑傲 星际 成就 至尊 星主 霸业 不过 此刻 他 仍 躲 在 草 从中 紧缩着 身子 原来 他 早已 被 眼前 发生 的 这 一幕 完全 镇住 了 看 得 如痴如醉 迟迟 未能 清醒 反应 过来 他 心中 只有 一个 声音 筑基 者 筑基 者 我 一定 要 成为 这样 的 筑基 者 
342,一枚 从 九天 坠落 的 仙医 戒指 让 叶朔 开始 了 一段 不 一样 的 生活 会修 真会 泡妞 能 治病 能 杀人 一步步 踏上 人生 巅峰 同时 冷艳 的 总参 军官 妖娆 的 妩媚 警花 清纯 的 邻家 小妹 一个个 接踵而来 医术 通天 天赋 惊人 且 看叶 朔 如何 演绎 传奇 人生 
343,梦幻 里 玩游戏 赚钱 的 方式 有 很多 做 军火商 炼 妖 抓 宝宝 挖矿 宝宝 打 高级 技能 书 抓 稀有 变异 宝宝 宝石 做 倒卖 商人 开 商店 占领 副本 收费 看 主角 玩 梦幻 怎么 大 赚 特 赚 
344,身为 华夏 最 神秘 的 华夏 D 组织 的 最强 高手 叶枫 啥 都 不缺 就 缺 女人 原因 很 简单 他 有 病 而且 他 的 病 就 只有 用 女人 才能 治疗 叶枫 嗯 为了 好好 活下去 我要 找 世界 上 最 漂亮 的 女人 来 治病 
345,高一 开学 初 班主任 把 班上 最 开放 的 女生 安排 到 了 我 的 旁边 
346,2017 火爆 免费 新书 重返 人生 十八岁 改变 今后 悲惨 的 命运 弥补 上辈子 的 遗憾 喝 最烈 的 酒 睡 最美 的 妞 踩 最 嚣张 的 纨绔 踹 最 爱 叫 的 狗 睿智 闷骚 美 教师 冰山 女王 美 总裁 萌系 可爱 小萝莉 巾帼 呆 萌俊 警花 纯情 仙女 大 明星 虽然 老子 能 透视 懂 医术 会 修仙 可是 你们 能 温柔 点 么 我 躺 好 还 不行 
347,21 世纪 的 经济系 大学 毕业生 姜小白 重生 在 了 1979 年 亲眼 见证 了 那个 时代 的 到来 锐不可当 万物 肆意 生长 尘埃 与 曙光 升腾 江河 汇聚 成川 无名 山丘 崛起 为峰 天地 一时 无比 开阔 
348,重生 仙武 世界 获得 大道 主宰 系统 征 三国 战 隋唐 灭 宋元 制霸 倚天 征战 西游 风云 称尊 仙界 纵横 太虚 为神 主宰 洪荒 诸天 众生 万界 生灵 我 秦君来 了 开始 颤抖 吧 
349,她 一朝 穿越 再 睁眼 沦为 人尽 可欺 的 废物 大 小姐 父亲 不慈 继母 迫害 还 被 未婚夫 和 庶妹 联手 打入 地狱 不曾 想 一朝 觉醒 神医 天赋 续上 绝脉 坐 拥 上古 神物 从此 涅 重生 有怨 报怨 有仇 报仇 此生 唯一 意外 便 只有 他 他 绝世 之姿 天生 毒辣 本是 暗夜 君王 所到之处 邪魔 退 散仙 神 跪拜 却 死死 缠住 她 不放 
350,既 无灵根 无缘 修仙 因缘际会 得 惊天 血脉 踏入 武道 风云 叱咤 笑傲 苍穹 闲 来自 在 随风 去 无 欲 逍遥 天地 行 叱咤风云 三 界定 混元 无极 啸 乾坤 
351,我 只有 凡根 一介 凡人 我 叫 莫无忌 我 要 不朽 
352,冲击 境界 失败 的 苏方 全身 经脉 扭曲 变形 沦为 废人 永远 无法 再 修行 却 意外 得到 一面 神奇 的 古镜 而 在 古镜 的 深处 他 遇到 一个 来自 神秘 世界 的 强大 存在 开始 走上 逆天 双修 之路 修 肉身 逆天 改命 摸 天门 誓为 修士 看 少年 万里 寻父 一步步 在 万千 天才 之中 脱颖而出 斗 苍穹 逆 星辰 成为 盖世 巨神 请加 公共 微 信号 杜灿 在 微信点 公共 号 搜 
353,一只 白鸽 要 飞过 多少 海洋 才能 在 沙滩 上 栖息 一个 男人 要 走过 多少 路 才能 成为 男子汉 谨以 此书 献给 我们 终将 逝去 的 青春 本文 以 第一 视角 讲述 那段 荒唐 却 又 热血 躁动 的 时光 
354,夏 小叶 一个 普通 的 女 大学生 一朝 穿越 来到 一个 陌生 的 修仙 世界 什么 女配 为了 不 被 炮灰 努力 修炼 本 以为 可以 摆脱 命运 的 桎梏 却 没想到 
355,银河 圣地 2000 人大 群 553096992 开创 经典 宇宙 争霸 流 2017 最具 创意 和 想象力 的 新 玄幻 神作 地球 崛起 亿万 星球 无数 种族 宇宙 争霸 本书 完美 融合 了 末世 都市 玄幻 科技 修仙 内容 无限 精彩 主角 得到 神秘 宇宙 神图 一 开始 就是 华夏 强者 华夏 强者 隐秘 势力 神话传说 超级 地球 人 变形金刚 大 宇宙 力量 银河 圣地 星河 大帝 宇宙 国度 波澜壮阔 的 大 宇宙 史诗 篇章 由 地球 展开 让 主角 带 你 一起 征服 宇宙 星辰 大海 注 本书 以大 宇宙 为 背景 格局 超级 宏大 宇宙 大 至尊 银河 圣地 两千 人大 群号码 553096992 里面 有 很多 恐 
356,元殊 很 早就 对 王者 荣耀 有所 耳闻 但是 他 一直 不屑于 去 玩 这种 游戏 也许 是 对 guinsoo 的 不满 也 有 可能 是 其他 的 原因 但是 总之 他 真的 不想 去 接触 这个 游戏 只不过 随着 王者 荣耀 逐渐 融进 自己 的 生活 想起 了 一句 话 的 他 开始 动心 了 作为 一个 游戏 宅元殊 要 立志 成为 最强 剑圣 
357,天地 一盘棋 圣人 之下 皆 为 蝼蚁 吾 既 为 妖 当求 一个 逍遥 我 笑 众生 皆 笑 我 怒 诸天 动摇 天蓬 戏 嫦娥 有 隐情 有 猫腻 被贬 下界 投了 一个 猪胎 朱 刚烈 说 既然 我 为 八戒 西游 的 事 咱 说了算 VIP 粉丝 群 329647824 
358,一缕 神秘 的 火苗 牵动 一世 又 一世 的 轮回 红颜 香消玉殒 他 一怒成 魔 仗 剑 屠尽 天下 又 何妨 血海 宿仇 魔轮 争议 让 他 举世 皆 敌 暗流 涌动 实力 为 尊 的 朔元 大陆 且 看 季然 打出 个 朗朗乾坤 
359,恭喜 您 通过 考验 超级 宗门 升级 系统 激活 成功 一阵 难听 的 金属 音 便是 这么 突兀 的 自苏雨 的 耳边 响 了 起来 沧澜 紫 读者群 259673328 诸君 若 是 有兴 可以 来 玩 啊 
360,诸夏修 真 三 大宗 门 之一 空冥宗 的 天骄 许落 一名 在 温室 里 成长 起来 的 元 婴大 修士 终于 被 掌 教师 尊 一脚 踹 下山 开始 了 他 的 第九回 入世 之 旅对 了 他 两年 前 曾 娶 过 一个 凡人 女子 却 在 洞房花烛 夜跑 了 故事 就 从 这里 开始 吧 自恐 多情 损 修行 又 怕 入山误 倾城 好像 也 未必 就是 这样 觅 登临 空冥云 天下 名 生死 人家 卿 PS : 我 大概 是 想 写 一本 不 一样 的 仙侠 但行 或 不行 我 也 不 知道 
361,黑衣 蒙面人 杀入 夺宝 家族 落败 父母 被 抓走 不知 所踪 陈默 被 废 无法 修炼 遭遇 小人 陷害 被 青梅竹马 指腹为婚 的 未婚妻 退婚 一切 阴谋 仇恨 恶人 敌人 你们 等 着 崛起 之后 我 陈默 必将 你们 一一 踩 在 脚下 圣门 大家庭 官方 唯一 群号 341764323 欢迎 各位 兄弟姐妹 加入 
362,再 多 各自 牛 逼 的 岁月 也 比不上 一起 傻 逼 的 时光 如果 时光 可以 倒流 还 能 回到 那个 天 真的 时候 那 一根 香烟 一人 抽 一口 无忧无虑 漫步 每个 街头 我 富贵在天 我 与 你 共享 世间 你 举步维艰 我 陪 你 万丈深渊 你权 倾 朝野 我 为 你 骄傲 你 走投无路 我 为 你 开道 这 一生 生死与共 不离 不弃 因为 你 是 我 兄弟 人 的 名树 的 影 我 要 让 太子党 成为 前无古人 后无来者 的 存在 要 疯 就 疯个 狠 的 要 狂 就 狂个 大 的 里面 有 你 想象 不到 的 内容 让 你 的 青春 热血 再 一次 迸发 出来 让 你 欲罢不能 你 就是 里面 的 猪脚 你 的 世界 你 做主 喜欢 的 点 追书 推荐 
363,为 追查 一个 杀人 网站 大名鼎鼎 的 飞虎 连 成员 陈宇 闯入 了 上 港且 看 一代 兵王 如何 纵横 大都市 俘获 美 人心 破解 惊天 之秘 
364,三年 前叶青 和 老婆 争吵 一气之下 摔门 而 出 不知 所踪 三年 后 他 回来 了 此时 的 他 已经 不是 当初 人人 可欺 的 慕容家 上门 女婿 而是 浩瀚 宇宙 中 人人 闻之色 变 令人 闻风丧胆 的 吞噬 龙帝 化身 最 邪恶 的 邪龙 吞噬 万物 不断 进化 这 一世 我定 要 站 到 最 顶峰 再次 降临 地球 所有 的 往日 仇敌 都 得 死 
365,叶默 蓦然 清醒过来 的 时候 才 发现 周围 的 一切 似乎 都 变 了 美女 师父 也 不见 了 他 也 发现 了 自己 成 了 被 世家 抛弃 的 弃子 被 别人 退婚 的 苦 逼  还是 被 女人 站 在 讲台 上 拿 着 他 情书 羞辱 的 对象 但是 这些 都 不 重要 最 重要 的 是 他 还 记忆 起 了 另外 一件 原本 不 属于 他 的 可怕 的 事情 
366,求助 求助 家里 有支 妖灵 钢笔 每天 偷窥 别人 的 秘密 也 就算 了 现在 又 有 张仙 灵纸 就 喜欢 把 自己 变大挂 在 显眼 处 然后 他们 两 开始 合作 了 村子 里 的 秘密 都 被 挂出去 了 现在 一群 人 在 找 我 我 该 咋办 在线 等 挺 急 的 已 完本 老衲 要 还俗 万界 直播 之大 土豪 即将 完本 兔子 必须 死 一梦 黄粱 出品 更新 有 保障 这么 多年 从未 断 更 过 
367,紫檀木 钿 指狐为 妻 六大 预言 谁 是 太子 一个 现代 狸猫换 太子 的 故事 
368,王兵 只是 个 小 保安 直到 那天 他 遇到 了 丧尽天良 的 师父 从此 他 的 人生 轨迹 发生 了 翻天覆地 的 变化 美女 你 信不信 只要 我亲 你 一下 就 能 知道 你 穿 什么样 的 内裤 什么 你 不信 那 我 只能 证明 给 你 看 了 本书 群号 474075376 仅限 在 本书 消费 20 元 以上 或者 解封 过 的 人入 群要 发图 验证 哦 
369,大道 本无术 御灵以 借 之 这 是 一个 末法 的 时代 也 是 一个 御灵 之道 繁荣 的 时代 从 青眼 苍狼 白羽 雷鹰 赤鳞火 蟒 到 鬼眼 妖虎 火云 猞猁 碧眼 金蟾 再 到 九婴 相柳 应龙 鲲鹏 各种 神秘莫测 的 天地 之灵 惊天动地 的 绝世 荒灵 邪异 奇诡 的 凶魔 妖灵 纷纷 呈现 各方 修士 开启 了 御灵 修仙 的 全 新篇章 有 数百万 字 完本 经历 和 人品 保证 可以 放心 追看 请 大家 多多 推荐 收藏 订阅 支持 
370,上古 宝典 大能者 居 之 乱世 为 魔 盛世 为贤 周公得 宝典 悟 易经 成就 子孙后代 八百年 江山 气运 张角 得 宝典 悟 太平 清领 道 以 呼风唤雨 撒豆成兵 之 幻术 掘 刘氏 龙脉 呼 苍天 已死 黄天 当立立 黄巾 道破 刘汉 气运 开 乱世 之源 又 传说 刘安 得 宝典 悟丹道 白日 飞仙 鸡犬升天 时至 21 世纪 小 县城 高中生 获此 宝典 由此 风云际会 且 看 他 如何 乐在 红尘 笑傲 都市 参军 出品 必属 精品 
371,天将 魔剑 少年 家族 灭亡 幸得 上苍 怜惜 习得 无上 功法 本 以为 一切 是 美好 的 开始 没想到 只是 噩梦 的 前夕 
372,打开 修炼 之 门 需要 的 只是 最初 的 勇气 神识 作骨 铸魂 能量 为 肉 塑体 铸就 最强 的 修炼 之 路 
373,一代 守护者 石炎 重生 在 灵火 大陆 却 惨遭 灭门 凶手 更是 青梅竹马 的 女子 这 让 他 一怒 焚天 血战 六合 八荒 踏上 崛起 之路 他 的 经历 印证 了 灵火 大陆 上 流传 万古 的话 举头 三尺 为 王 三尺 以上 为 神明 
374,与 黄飞鸿 一起 训练 民团 杀敌 报国 与 陈真 一起 斩杀 倭国 贼寇 在 龙门客栈 中 与 金香玉 调笑 弄情 在 兰若 寺 中 与 燕 赤霞 谈笑风声 乱世 之中 系统 加身 能 自由 穿越 各个 经典 动作片 世界 的 李 侠客 跨马 舞 长枪 扫平 一切 敌让 我们 重温 幼年 时 的 动作 影视 
375,九劫 失败 尸 无存 魂魄 飘荡 云 舞星 重生 终圆 飞升 梦 九天 笑傲 逍遥 行九劫 散仙 本为 天源者 但 自己 丝毫 不知 第九次 渡劫 失败 万幸 三魂七魄 逃出 机缘巧合 来到 云 舞星 金泊 江边 转世 新生 从此 奇遇 连连 一路 笑傲 踏 九天 所谓 九天 第一重 天 名为 临凡 第二重 天 名为 窥凡 第三重 天 名为 闭凡 第四重 天 名为 思凡 第五 
376,秘密 特工 高飞 被 老天爷 捉弄 重生 在 一个 小混混 的 身上 于是 他 微笑 的 接受 了 一切 踏上 一条 制霸 全球 的 道路 在 这条 制霸 的 路上 高飞 给 自己 制订 了 四个 小 目标 1 做 强者 的 师父 2 做 富豪 的 明灯 3 做 明星 的 干爹 4 做 大佬 的 主人 
377,她 命运 坎坷 她 红颜薄命 她 恨 天 不公 她 怨 地 薄情 她 是 黑白 无常 的 朋友 她 是 阎王 的 座上宾 三十年 前 她 勤 扒 苦 做 任劳任怨 为 求生存 吃尽苦头 可 生活 仍然 悲苦 不断 人生 无望 三十年 后 她 脱胎换骨 她 的 容颜 愈加 迷人 她 的 事业 如日中天 她 的 爱情 如鱼得水 她 的 钱财 多如牛毛 她 的 爱情 生死 相随 阎王 为 她 在 地狱 盖 了 别墅 天堂 的 人 争相 打通 各种 关节 把 户口 迁到 了 地狱 她 掌管 人间 生死 在 人间 和 地狱 来去自如 她 是 人 是 鬼 是 神 是 妖 
378,以 纨绔 二代 之名 以 彗星 之姿 崛起 比育 兽 技巧 天下 无人 可敌 比御兽 强大 天下 无兽 可比 不是 我 看不起 各位 而是 在座 的 各位 都 是 垃圾 林枫 
379,社稷 争 宗庙 斗 江湖 乱 刀光剑影 尔虞我诈 小小 武者 白泽 策马 高歌 举枪 前行 誓要 还 这 天下 一个 太平 
380,快意 江湖 一把 剑 血 撒 疆场 也 无怨 仙女 芳心 暗自 许 世间 难有长 情夜 当然 吃 了 伟哥 的 不算 
381,他 在 淘宝 上面 卖过 法宝 还 参加 过 双十 一 飞剑 大促 一不小心 成 了 销售 冠军 他 在 美 团里 卖过 醋溜 龙肝 清蒸 凤髓 以及 麻辣 大鲲 翅 被 沙雕 网友 评为 十大 必吃 外卖 之首 他 帮人 改装 飞剑 结果 一不小心 在 F1 方程式 竞标 赛里 夺 了 冠 他 是 苏木 一个 穿越 到 了 修真 魔法 高度发达 的 世界 里 的 奸商 他 不仅 有 外挂 还有 个 可爱 的 妹妹 他 的 口号 是 我 的 妹妹 不 可能 那么 可爱 呸 是 氪 金 成仙 一肝 到底 自己 氪 不算什么 让 别人 哭 着 喊 着 求 着 一起 氪 才 叫 厉害 小钱 钱 真心 甜 
382,江湖 是 什么 它 是 水亦能 载舟 也 能 覆舟 要么 你 就 在 水上 飘飘荡荡 要么 你 就 沉入 水底 不 死不休 船 虽然 可以 靠岸 但是 绝不 可能 离开 江湖 江湖 就是 如此 身在其中 由不得 自已 下水 容易 上岸 难 手持 三尺 寒剑 诛 尽 天下 群雄 催 更 热群 545295642 
384,鹰击长空 鱼跃龙门 熊 咆 虎啸 万物 皆 有 灵末法 之 极 磁极 轮转 世界 变迁 曾经 那个 熟悉 的 世界 已经 变得 面目全非 当 神话 变成 现实 当 传说 不再 神秘 世界 无疆 热血 永恒 
385,昆仑 界 一代 杀神 渡劫 遭遇 围攻 最终 重生 回归 都市 成就 最强 仙王 
386,一个 乡村 少年 的 成长 经历 所有 社会 经历 及 周易 符道 佛学 等 均 有 出处 作者 多年 多项 真实 修炼 学习 之 总结 试图用 此书 告诉 读者 中国 真正 传统 文化 之正脉 儒 释道 之 意义 社会 描写 广阔 思想 推理 缜密 晴儿 推荐 
387,我 是 谁 我 来自 哪里 我 又 归乡 何处 我 将 如何 历练 这 万古 轮回 见 自己 见 天地 见 众生 三界 人 神鬼 一条 大路 武道 江湖 我 是 唐辰 来自 蜀山 以神 的 姿态 揭开 世间 重重 幽雾 蜀山 武神 官方 VIP 群 21617917 打赏 可进 
388,最具 影视 改编 潜力 武侠 作品 四川 作协 会员 作家 投身 网络文学 最新 力作 自古 江湖 人欲横流 争权夺利 以势 凌人 一 有点 本事 就 想 有朝一日 称霸 武林 奴役 同门 历代 武林 有盛 有 衰 盛衰 更迭 乃 天道 轮回 历史 规律 正当 乾坤 剑庐 紫玉剑庄 日月 剑 派 三大剑 派 日盛 武林 并且 互谋 武林 盟主 之际 却 不料 江湖 上 经过 数十年 的 沉寂 后 几乎 是 一夜之间 冒出 了 以 猛虎 山庄 和 血帝 天宫 为首 的 十大 邪门 恶派 这些 邪恶 之徒 一 成气候 就 不仅 祸害 百姓 杀人越货 闹 得 江湖 一派 血雨腥风 而且 还 想 争夺 武林 盟主 中原 纷争 又 引来 边地 和 外域 的 武功 强人 也 来 
389,大圣 归来 热血沸腾 父亲 被害 家财 被 夺 手脚 全数 打断 复仇 火焰 点燃 之际 获得 齐天大圣 传承 自此 逆天 崛起 神挡 杀 神佛 挡 杀佛 秦风 身披 金甲 战袍 手持 定海神针 我要 这万界 三十六天 尽归 大圣 旗 之下 
390,Ｑ 群 92596022 武道 世界 强者 为 尊拳权 相连 强者 制定 规则 少年 逆天 争锋 强势 崛起 制定 出 属于 自己 的 规则 没有 什么 事情 是 一剑 摆 不平 的 一剑 不行 就 两剑 蛰龙 已 惊眠 一 吼动 千山 圣血 在 身剑道 在 身 踩 着 万界 天才 崛起 不服 就战 这 就是 不 一样 的 道 
391,我 叫 赵子龙 是 卖 女性用品 的 和 威猛 的 三国 龙哥 一样 我 在 女人 之间 七进 七出 
392,遭 徒弟 下套 沉睡 上千年 的 上古 先天 神灵 在 都市 之中 醒来 往昔 故友 竟 已 死去 漫天 仙佛 再 不见踪影 哪怕 只是 真名 就 可以 令 寰宇 崩裂 的 他 竟 被 封印 了 实力 但是 就算 天道 压身 又 能奈 我何 吾 乃 上古 仙佛 第一尊 
393,喂喂 喂喂 喂 人家 穿越 了 要么 是 君临天下 的 君王 要么 手握 大权 的 将军 大官 要么 富可敌国 的 豪门 公子 可 劳资 穿越 了 为 毛 是 一个 看起来 这么 蠢萌 的 小萝莉 啊 唉 好 在 唯一 让 人 欣慰 的 是 这个 小萝莉 家里 貌似 还 挺不错 的 而且 老天 也 算是 公平 穿越 了 也 还是 给 了 所有 穿越 者 都 共同 拥有 的 福利金 手指 一部 跟着 自己 一起 穿越 过来 的 水果 手机 上面 还有 自己 所有 的 东西 好 吧 既来之 则安之 就 好好 的 安心 做 一个 小萝莉 吧 啊 不 对 是 一个 蠢萌 的 小萝莉 本书 发誓 要 将 各种 不正经 吐槽 乱搞 坚持到底 
394,一代 兵王 为 执行 任务 潜伏 进 大学 里 当 校医 极品 女校长 邀 他 同居 倔强 校花 与 他 纠缠 对付 所有 情敌 他 低调 打脸 面对 犯罪分子 他 各种 扮猪 吃 老虎 已有 百万 字 小说 偷心 教师 放心 阅读 人品 保证 
395,前世 从 不知 修真为 何物 却 因 身为 变异 炉鼎 而 送命 重生 后 才 知 自己 原 是 一介 废材 惨遭 父亲 家族 抛弃 岳文 姝 淡然 一笑 既然 老天爷 够 慷慨 升级 仙府 妖宠 重宝 丹符 一样 都 不少 且 看 她 如何 从零开始 成为 最强 女修 
396,这是 一个 群仙 纷争 天才 辈出 的 时代 大道 争锋 法宝 丹药 灵兽 杰出 的 修士 广阔 的 修真 画卷 在 魏无伤 的 面前 徐徐 展开 通天 仙路 就 在 眼前 她 唯一 能 做 的 便是 一步 一步 地 在 这 修真 路上 坚定 地 走 下去 直到 君临 北方 脚踏 万仙欢 脱版 某 修士 犹豫 魏 道友 听说 你 翻脸 跟 翻书 一样 快 魏无伤 怒 胡说 某 修士 欣慰 果然 是 传言 贫道 放心 了 魏无伤 慢悠悠 明明 比 翻书 快 多 了 修士 众咳 咳 本文 女强 升级 修真文 女主 属性 强悍 二缺 渣 本文 境界 练气 筑基 金丹元婴 化神 大乘 飞升 
397,他 睁开眼 看到 了 这个 世界 的 玄妙 狐 妖 恶蛟 帝王将相 道 法 神仙 还有 过去 和 未来 
398,一代 仙王 肉身 损元 神灭 残余 一抹 真灵 附身 在 一个 修为 被 废正 遭 追杀 的 少年 身上 成为 武侠 世界 唯一 的 修真者 在 面临 生死 危局 之 时 没有 选择 的 余地 不管 是 仙家 正法 还是 魔道 血炼 能够 活 下来 就是 好 本领 
399,诸神 黄昏 人间 黎明 乱世 信天 不如 求魔 少年 获 十万 年前 绝世 魔神 无 上 传承 觉醒 逆天 血脉 凝聚 至尊 魔纹 一剑 染神血 一念破 纪元 回首 纵横 九界 仙 魔神 归来 血染 天 少年 冷眸 一凝 你 的 死兆星 在 我 眼中 闪烁 
400,从今天起 你 将 成为 主神 空间 中 的 一名 主神 使者 周而复始 的 来往 于 一个个 的 世界 那样 你 会 得到 别人 一辈子 都 得不到 的 东西 从 这句 话 在 方里 的 脑海中 响起 的 那 一个 瞬间 方里 的 人生 注定 变得 不再 平凡 PS 已 完本 两本 500 万字 以上 长篇小说 少女 大 召唤 与 全方位 幻想 更新 有 节操 各位 书友 可以 放心 食用 
401,美女 你 Bar 带掉 了 美女 你 哪里 都 不错 不过 xx 是 硬伤 订婚宴 上 他 摆 着 一副 欠揍 的 表情 当着 所有 宾客 对 未婚妻 说道 然后 又 非常 强硬 的 强 吻 未婚妻 到 学校 上学 还 扬言 要 像 泡茶 一样 把 所有 校花 给 泡 了 
402,一个 寒门 天才 一个 残酷 的 世界 一部 不屈 的 斗 战史 拥有 绝世 传承 的 少年 为了 追寻 心爱 的 女子 从 边陲 小城 踏出 之后 一路 战胜 无尽 天才 横扫 各路 势力 一步步 踏足 万界 巅峰 我 不是 针对 哪个 神灵 我 是 说 诸天 所有 的 神灵 都 是 辣鸡 
404,我 是 一个 大型 休闲 会馆 的 男 服务 技师 专 为 女性 提供 各种 娱乐 休闲 服务 我 的 外表 高大 帅气 青春 富有 激情 我 的 专业 技术 也 是 顶呱呱 的 歌唱 的 好听 酒量 也 不错 还 专业 学习 了 保健 按摩 我 通过 一次 为 一位 高雅 女士 的 上门服务 让 我 感受 到 我 的 行业 是 可以 在 阳光 下 健康 发展 的 本文 主要 讲述 我 在 东海 的 打工 生活 包括 与 不同 顾客 的 接触 纠缠 过程 与 一名 女 大学生 的 初恋 将 休闲 按摩 行业 洗 白化 创立 自己 的 服务 品牌 举办 著名 的 东海 盛宴 短短的 几年 让 我 经历 遍 了 人间 的 各种 情感 我 笑 过 哭 过 成功 过 也 失败 过 东海 给 我 留下 太多 的 记忆 
405,人有 九极 武分 九境 天地 异变 武者 复苏 少年 顾墨尘 偶得 蛮荒 龙坠 从此 踏足 武道 一步步 走 偏 成为 武道 大 魔头 
406,有 一天 当王 惊梦 背着 他 的 剑 进入 长陵 时 他 看到 了 一个 盛世 的 到来 也 看到 了 剑器 榜 上 的 许多 豪杰 也 不过 如 土狗 尔 
407,楚然 坑 了 龙族 一把 抢走了 龙族 唯一 一滴 真龙 之 血 跑 了 龙族 大怒 发出 悬赏 令然 并 卵 他 从 龙族 之 地 逃走 的 时候 阵法 出 了 问题 直接 传送 到 万年前 的 修真界 准圣 遍地 走金仙 多 如 狗 这 真是 一个 悲伤 的 故事 无论 对于 龙族 还是 对于 楚然 阅读 提示 26 入 V 本文 据说 很 水慎入 看 了 别怪 作者 么 么 哒 ● 推荐 一剑 系列 修仙 文 所有人 等 我 死 我 偏 不 死 一剑 成仙 书号 2227978 方便 手机 党 ● 推荐 一剑 系列 修仙 文 手把手 教 你 金手指 点 在 脸上 如何 征服 世界 一剑 破 九天 书号 2616491 方便 手机 党 专栏 求 包养 猫蔻 的 专栏 求 戳 微博来 一发 
408,得 上古 诸子百家 修炼 秘术 修 儒家 浩然正气 练 道家 神通 秘法 兵家 阵法 医家 炼丹 墨家 炼器 通通 信手拈来 麒麟 为臂 朱雀 为翼 玄武 为身 青龙 为 腿 白虎 为首 成就 无 上 肉身 一语 灭 诸神 一拳 破 乾坤 
409,路过 男厕所 结果 看见 厕所 一男一女 正在 之后 我 的 生活 开始 变 了 我 的 人生 也 随之 变化 谁知 我 的 身世 背后 却 有着 一 重重的 恩怨 情 仇人 可站 着 死 不可 跪 着 活 一代 新仇旧恨 不是 你 死 就是 我活 没有 对 与 错 我们 的 青春 洋溢着 热血 且 看 我 的 青春 之 路上 的 逆 袭加 更新 说明 打赏 一瓶 精油 加 更 一章 累计 一百个 打赏 加一 更 粉丝 榜 第一 变动 加一 更 撸 撸 票 增加 一千 加 更 PS 若 是 没有 账号 的 麻烦 大家 用 QQ 或者 贴 吧 号 登陆 酷匠 网 帮忙 点下 封面 下 的 撸 撸 和 右上角 的 追书泄 公子 感激涕零 
410,重生 天庭 驸马 却 处处 遭受 迫害 少年 为 改变命运 习 七十二变 练 六丈 金身 修天 妖 吞噬 大法 我 是 魔 与 妲 己 为 邻 公主 为奴 天神 为 仆 仙 若 挡 我 我 便 斩 仙 圣 若 挡 我 我 便 屠圣 
411,文案 白月光 的 必备条件 是 什么 首先 要 美美 美 其次 就是 死 的 早 穿 成 了 这么 一抹 白月光 的 林卿络 为了 不 英年早逝 只能 紧抱 男配 大腿 不求 能 踏 长生 大道 只求 寿终正寝 女主美 爆天 男主 叼 炸天 本文 苏爽 甜内 有 各种 穿越 女 重生 女 出没 本文 又名 论抱 金 大腿 的 重要性 穿成 了 白月光 怎么 破小夜 已经 跟 编编 商量 好 了 本月 27 号入 V 入 ; gt ; 
412,银弧 刀 隐藏 着 怎样 的 秘密 一个 被 人 叫做 傻子 的 少年 如何 成为 一代 刀神 的 少林寺 武当山 传灯 山庄 武林 七 大家 拳皇 门 飘香 楼 六扇 门 魔教 蜀中 唐门 令狐 世家 无名 武院 个个 闪亮 登场 谜团 重重 只有 静下心来 看 才能 走出 迷宫 
413,豪门 之子 却 成为 上门 女婿 任由 别人 欺辱 一句 我养 你 他 不再 低调 为了 心爱 的 人 他 愿意 重回 巅峰 那些 欺辱 他 的 人 终将 被 他 踩 在 脚下 
414,2018 仙侠 流派 征文 第一 弹 强者 重生 流 参赛 作品 十年 前 沈勇 的 影子 诡异 消失 十年 后 沈勇 的 影子 从 洪荒世界 归来 钛泽银 书友 群 : 813221555 欢迎 大家 加入 
415,这 是 个 实力 为 尊 的 世界 拥有 实力 便 能 获得 荣耀 一 心想 要 出人头地 的 废物 公子 得到 一把 来自 神界 的 神剑 和 剑气 功法 之后 一路 前进 不止 所过 之处 皆 是 一段 铿锵有力 的 热血传奇 
416,古画 血 玉镯 姻缘 果 冥冥之中 的 天意 前世 今生 未了 的 情缘 
417,剑 尊重 生逆天 崛起 一代 剑尊 遭 天帝 暗算 重生 回到 三百年 前 的 地球 这 一世 我 将 以 天帝 为 奴凡 逆 我者 杀 
418,子 曰 以 武会友 不亦悦乎 今日 小夫 自当以 这身 通天彻地 毒功会 尽 天下英雄 呜呼 不亦快 哉 现代 青年 丁鹏 携带 掌门 系统 穿越 古代 江湖 穿 是 成功 了 越 还 没有 到位 不得不 从零开始 修炼 倒霉 的 是 他 正好 附身 在 了 一个 三流 小 派 低级 弟子 身上 成为 低 手中 的 低手 经历 一番 内部 斗争 刚刚 站稳脚跟 却 又 好 死 不 死 得罪 了 一群 初出茅庐 想 博取 江湖 声名 的 名门 大派 侠 二代 被 人 诬陷 追杀 臭名远扬 人送 外号 毒手 人屠 
